1;32.2866504206283;1;2
2;60.0956259840523;2;2
3;0.104794959531127;3;2
4;8.82133853205157;4;2
5;0.0499211018276109;5;2
6;24.7654995907705;6;2
7;31.1753090931156;1;1
8;58.3357175801763;2;1
9;0.399503021684681;3;1
10;9.6065640526256;4;1
11;0.489554054611937;5;1
12;52.0672934213241;6;1
13;32.0967155310648;1;3
14;58.096848930155;2;3
15;0.415756190532381;3;3
16;9.06969003919901;4;3
17;0.352975089910368;5;3
18;25.7878473512865;6;3
19;31.3563524713368;1;4
20;60.0770228492416;2;4
21;0.0225951571619959;3;4
22;7.54104358115199;4;4
23;0.135003243388707;5;4
24;49.7728386986458;6;4
25;31.4543314730783;1;5
26;60.0584333423216;2;5
27;0.202992837759538;3;5
28;9.65453191723665;4;5
29;0.395139414838716;5;5
30;18.5498947423386;6;5
31;32.2196055878239;1;6
32;61.6090649857178;2;6
33;0.0629998564918653;3;6
34;9.4112998726412;4;6
35;0.391209453937544;5;6
36;40.4101081368206;6;6
37;29.9601536060203;1;7
38;57.7014836344252;2;7
39;0.0681373751615716;3;7
40;7.03290645012203;4;7
41;0.118611205566605;5;7
42;44.0070854212785;6;7
43;29.4812178566293;1;8
44;61.1733699250498;2;8
45;0.336753371800913;3;8
46;9.15675070673348;4;8
47;0.183876629482472;5;8
48;4.31862766858902;6;8
49;33.4081283392974;1;9
50;57.1293203325455;2;9
51;0.337078812914342;3;9
52;10.5609017059049;4;9
53;0.136371437225779;5;9
54;21.2014229703887;6;9
55;30.8277088478034;1;10
56;60.5634487673074;2;10
57;0.4273653038394;3;10
58;10.2921482560969;4;10
59;0.241586779063845;5;10
60;27.7412992106565;6;10
61;28.9416458341399;1;11
62;58.2020546777654;2;11
63;0.487296854772907;3;11
64;7.00392202875122;4;11
65;0.424575356003807;5;11
66;37.4805910105847;6;11
67;30.7189896470509;1;12
68;61.446025309875;2;12
69;0.259353908722862;3;12
70;8.68761171025758;4;12
71;0.405633377568244;5;12
72;24.8815054938498;6;12
73;29.8582270541885;1;13
74;59.7808820859843;2;13
75;0.437171098750475;3;13
76;9.95766885873876;4;13
77;0.134879284892592;5;13
78;2.10210073268571;6;13
79;29.7399917692852;1;14
80;60.7622409872028;2;14
81;0.342557383964785;3;14
82;9.00886098431178;4;14
83;0.102881201159507;5;14
84;12.5833822407869;6;14
85;31.2231411053307;1;15
86;59.3741862279812;2;15
87;0.153694524521973;3;15
88;8.02891357724565;4;15
89;0.415878284324238;5;15
90;34.1330363257682;6;15
91;29.2811596239211;1;16
92;58.7899883856772;2;16
93;0.381144224362743;3;16
94;8.48257224349504;4;16
95;0.46897767637648;5;16
96;41.4769922231004;6;16
97;30.0654472886524;1;17
98;58.7980890995619;2;17
99;0.467996445525366;3;17
100;9.82298196423975;4;17
101;0.391555239400892;5;17
102;5.68862996231844;6;17
103;33.5933854651105;1;18
104;59.0962208619709;2;18
105;0.314706793865072;3;18
106;10.5546937905255;4;18
107;0.074434143146447;5;18
108;12.8143530058023;6;18
109;31.1582224010164;1;19
110;58.1483626743639;2;19
111;0.0129727005959191;3;19
112;7.25374434837956;4;19
113;0.150754739394195;5;19
114;34.0577646513426;6;19
115;31.2851652218937;1;20
116;57.4541478519561;2;20
117;0.428843060598377;3;20
118;10.3625753619699;4;20
119;0.485428970321631;5;20
120;42.5465967048783;6;20
121;30.0953877512042;1;21
122;61.7023209771513;2;21
123;0.227641197462218;3;21
124;9.52913516280375;4;21
125;0.420744642873255;5;21
126;10.9047739645508;6;21
127;30.2117817149507;1;22
128;57.2075028711517;2;22
129;0.32804318830219;3;22
130;9.1513134544444;4;22
131;0.179635774041918;5;22
132;50.2567086965874;6;22
133;28.546128120296;1;23
134;57.4372654064412;2;23
135;0.437370447392343;3;23
136;8.23589164401764;4;23
137;0.266811333442055;5;23
138;4.2552113188618;6;23
139;31.8282785685232;1;24
140;58.6961483419193;2;24
141;0.152791431428065;3;24
142;9.99300548777682;4;24
143;0.069776412348262;5;24
144;25.7066451615329;6;24
145;33.214030495861;1;25
146;59.986701490926;2;25
147;0.324528616068241;3;25
148;10.0503749951105;4;25
149;0.464540978924615;5;25
150;16.1848399339136;6;25
151;33.5581997592155;1;26
152;59.0510262233931;2;26
153;0.312500675351441;3;26
154;8.76974450164293;4;26
155;0.42372867319178;5;26
156;12.7537227267024;6;26
157;30.7605073505984;1;27
158;57.7127378716112;2;27
159;0.300683994835477;3;27
160;7.27837124258623;4;27
161;0.285212765884517;5;27
162;3.41712369821489;6;27
163;33.9715398123142;1;28
164;58.9008634345171;2;28
165;0.0323261277156938;3;28
166;7.73504190237907;4;28
167;0.0333427656027804;5;28
168;11.7450801280628;6;28
169;29.3609069127091;1;29
170;60.1330521386603;2;29
171;0.126946457279695;3;29
172;8.97236028619521;4;29
173;0.31628357287293;5;29
174;19.6917256799613;6;29
175;30.5157616460513;1;30
176;57.8254418959899;2;30
177;0.270814207933471;3;30
178;8.57571185126379;4;30
179;0.190627353193385;5;30
180;16.8737911003991;6;30
181;28.7416741291822;1;31
182;59.7488224580668;2;31
183;0.445205468801467;3;31
184;8.07555262183962;4;31
185;0.044828407606043;5;31
186;48.8212316618128;6;31
187;31.0215571459396;1;32
188;59.0101250611453;2;32
189;0.282269018203507;3;32
190;8.7233018033294;4;32
191;0.0463284841354109;5;32
192;14.0308525072809;6;32
193;29.5937432762214;1;33
194;57.3311220200129;2;33
195;0.388023658333419;3;33
196;8.80791895122963;4;33
197;0.428549383622756;5;33
198;4.23321333492772;6;33
199;33.3736801411891;1;34
200;57.2172299187649;2;34
201;0.191004417527438;3;34
202;9.90549554990204;4;34
203;0.0718968101335197;5;34
204;13.2962867222652;6;34
205;32.0949256290227;1;35
206;58.3346785449693;2;35
207;0.123572169227712;3;35
208;7.47028364341782;4;35
209;0.307198461292675;5;35
210;52.4318570291566;6;35
211;34.9101454757486;1;36
212;59.045317005975;2;36
213;0.428373828857257;3;36
214;9.91437380578061;4;36
215;0.0735209296552246;5;36
216;34.353696060221;6;36
217;32.8007936389861;1;37
218;60.6219135525652;2;37
219;0.375155688394942;3;37
220;10.3450077705903;4;37
221;0.0908795915109166;5;37
222;11.3530284992316;6;37
223;31.083430642391;1;38
224;61.9855148352997;2;38
225;0.46989154462501;3;38
226;9.17161967769554;4;38
227;0.194644738836198;5;38
228;3.52232521454943;6;38
229;29.932203601462;1;39
230;61.7479230565595;2;39
231;0.355443144630157;3;39
232;7.84786809691328;4;39
233;0.236130804654319;5;39
234;45.3215350285014;6;39
235;29.1332894734331;1;40
236;59.0262722256249;2;40
237;0.329207234467887;3;40
238;7.90178858729257;4;40
239;0.49218225858099;5;40
240;55.4092583951864;6;40
241;29.396670416145;1;41
242;57.4458253288925;2;41
243;0.0812629347041384;3;41
244;10.8372358707592;4;41
245;0.0117071093109312;5;41
246;18.2636025521802;6;41
247;33.0598930113644;1;42
248;59.7977348428216;2;42
249;0.140257128128252;3;42
250;8.45982368044216;4;42
251;0.28748096888041;5;42
252;38.5049422806031;6;42
253;33.9824623701679;1;43
254;57.5008660909359;2;43
255;0.233934309852038;3;43
256;7.2956294713936;4;43
257;0.277190040758951;5;43
258;45.1546315293553;6;43
259;31.1529959598722;1;44
260;59.5640398896573;2;44
261;0.0692489692116588;3;44
262;10.7712403053431;4;44
263;0.314584901517511;5;44
264;21.8765723470012;6;44
265;30.8199288922545;1;45
266;61.8850022472076;2;45
267;0.00560306549886952;3;45
268;7.80624379957035;4;45
269;0.318089010932342;5;45
270;57.2706847456443;6;45
271;31.8195663484384;1;46
272;59.6562893207363;2;46
273;0.446440320521038;3;46
274;9.58872181131884;4;46
275;0.107743283512742;5;46
276;35.0867071510538;6;46
277;28.3968665546324;1;47
278;61.2836606208963;2;47
279;0.294179658893833;3;47
280;10.3676155881017;4;47
281;0.328323560861025;5;47
282;54.1589824482999;6;47
283;34.6529410186786;1;48
284;61.3061251972592;2;48
285;0.0281248462313903;3;48
286;10.7941431974021;4;48
287;0.233810662534448;5;48
288;54.4132713370665;6;48
289;29.2277287844682;1;49
290;58.205139004988;2;49
291;0.023588593404741;3;49
292;9.32308707280398;4;49
293;0.477430608497607;5;49
294;4.79430360777963;6;49
295;28.2172884467616;1;50
296;59.8636996428475;2;50
297;0.329500158995527;3;50
298;7.25695350050551;4;50
299;0.0116114403449945;5;50
300;39.150194487443;6;50
301;30.2880776883951;1;51
302;60.8949787975309;2;51
303;0.00644524885462355;3;51
304;8.86246069175268;4;51
305;0.476675296245968;5;51
306;57.2747850399029;6;51
307;31.3891203780439;1;52
308;61.5494206071047;2;52
309;0.083600054450684;3;52
310;7.35874124011659;4;52
311;0.482924178746403;5;52
312;50.8951596561401;6;52
313;32.713697161606;1;53
314;58.2301206267769;2;53
315;0.104790187081428;3;53
316;8.03205824949423;4;53
317;0.125165693920721;5;53
318;53.9153694867057;6;53
319;33.5337765158694;1;54
320;61.4709627639617;2;54
321;0.00193954758721399;3;54
322;7.38744377396314;4;54
323;0.00613261249815944;5;54
324;45.9698243524915;6;54
325;28.8089989285115;1;55
326;60.3826173743434;2;55
327;0.285228765747782;3;55
328;9.51903475520256;4;55
329;0.0678416890773762;5;55
330;20.1395482515742;6;55
331;28.9048494129227;1;56
332;61.8409205682404;2;56
333;0.13016284708616;3;56
334;9.81351955655705;4;56
335;0.460869763337905;5;56
336;46.9635482372894;6;56
337;32.4419007237491;1;57
338;57.7662801572694;2;57
339;0.46961185953048;3;57
340;7.51373180948369;4;57
341;0.181076814992741;5;57
342;55.3442420830197;6;57
343;30.4713731289967;1;58
344;57.7138048677889;2;58
345;0.0182759669205796;3;58
346;10.6070985437689;4;58
347;0.0230324689838867;5;58
348;35.9705045904768;6;58
349;32.2082440981274;1;59
350;60.8736976442061;2;59
351;0.361087880979243;3;59
352;8.96057404355324;4;59
353;0.484133106604023;5;59
354;17.1869663255289;6;59
355;33.2706432218581;1;60
356;58.8577254628683;2;60
357;0.290137120041203;3;60
358;8.82470515550288;4;60
359;0.0351278591589764;5;60
360;35.2465551382574;6;60
361;30.8219943820141;1;61
362;58.2323667049505;2;61
363;0.104278558691326;3;61
364;10.7798520149708;4;61
365;0.157555772082307;5;61
366;34.8466266205007;6;61
367;30.7912953124383;1;62
368;60.0299466438764;2;62
369;0.128666542004685;3;62
370;9.27428511763177;4;62
371;0.166107116931146;5;62
372;13.6926040636443;6;62
373;30.6462995809995;1;63
374;61.6850850581604;2;63
375;0.0719838695036164;3;63
376;8.09290238980308;4;63
377;0.228504240669469;5;63
378;38.8322724387577;6;63
379;31.7722836488624;1;64
380;57.2433887366533;2;64
381;0.240108470707451;3;64
382;10.951428607816;4;64
383;0.167838864629508;5;64
384;50.2206501879778;6;64
385;30.5054585467451;1;65
386;58.2427405220645;2;65
387;0.297643335541472;3;65
388;9.56488036237296;4;65
389;0.429884654230481;5;65
390;9.48222627722487;6;65
391;28.4898571625964;1;66
392;61.1928090359874;2;66
393;0.118225308206848;3;66
394;9.41648089775765;4;66
395;0.283637459013135;5;66
396;35.8532024663068;6;66
397;28.7097109202762;1;67
398;59.4090956551083;2;67
399;0.132157485570689;3;67
400;8.19904240404217;4;67
401;0.159469198391365;5;67
402;14.2669414855103;6;67
403;28.9578601560573;1;68
404;60.0771308033655;2;68
405;0.172318401440834;3;68
406;9.48600446418214;4;68
407;0.414098721586531;5;68
408;10.5667109417528;6;68
409;34.9408462173514;1;69
410;59.5334696765729;2;69
411;0.224302065347088;3;69
412;7.40012223502639;4;69
413;0.371507377977315;5;69
414;34.6543589018776;6;69
415;32.5257301036204;1;70
416;58.274648068567;2;70
417;0.264376442130579;3;70
418;10.0005469506417;4;70
419;0.22516353493296;5;70
420;50.8616366451425;6;70
421;34.1042389251431;1;71
422;61.2731439929788;2;71
423;0.124740752613167;3;71
424;8.91323859888793;4;71
425;0.349465415456855;5;71
426;55.3685336204212;6;71
427;29.1519831311514;1;72
428;59.5552852837187;2;72
429;0.412420774133532;3;72
430;8.32073413747713;4;72
431;0.276300588074886;5;72
432;17.9331115393028;6;72
433;29.5579090200232;1;73
434;58.0237270796739;2;73
435;0.379376084921336;3;73
436;7.25410601092145;4;73
437;0.134837710997409;5;73
438;44.001841699108;6;73
439;28.9808708588298;1;74
440;60.7288359900104;2;74
441;0.210850425826737;3;74
442;10.8322995452055;4;74
443;0.414453628237918;5;74
444;20.1060161222589;6;74
445;28.7630088201297;1;75
446;61.4694089945144;2;75
447;0.170726863118555;3;75
448;10.6563093512128;4;75
449;0.410935316884418;5;75
450;55.5569660249938;6;75
451;33.0967900235651;1;76
452;61.9746035603439;2;76
453;0.4967098793682;3;76
454;10.1734216485005;4;76
455;0.158816784443592;5;76
456;38.803685149025;6;76
457;31.9832288375273;1;77
458;57.253597831574;2;77
459;0.26713259872488;3;77
460;10.4855083648986;4;77
461;0.329010516498752;5;77
462;16.4482314886884;6;77
463;34.3220942796248;1;78
464;60.255131392793;2;78
465;0.359334335716928;3;78
466;8.36494401325413;4;78
467;0.105834831770305;5;78
468;22.8944233287966;6;78
469;33.0530926613605;1;79
470;58.1052811956186;2;79
471;0.13323361651018;3;79
472;7.13120869155527;4;79
473;0.339317988026637;5;79
474;20.8768631515378;6;79
475;31.999208777709;1;80
476;61.1705291479308;2;80
477;0.105788989406121;3;80
478;10.2720014573257;4;80
479;0.400534595649913;5;80
480;16.2972202868277;6;80
481;32.6721237364641;1;81
482;57.6528470864454;2;81
483;0.351475711871409;3;81
484;9.55461006516249;4;81
485;0.0566644157798922;5;81
486;40.8957876233824;6;81
487;31.789993397246;1;82
488;58.526582678712;2;82
489;0.119844496015573;3;82
490;9.48577573427801;4;82
491;0.476475699750808;5;82
492;10.5879219133508;6;82
493;30.2400170073746;1;83
494;57.5256820007133;2;83
495;0.348853841725612;3;83
496;9.5649167052843;4;83
497;0.0165276822030277;5;83
498;39.4943637442096;6;83
499;34.2357851392844;1;84
500;60.9689229827365;2;84
501;0.0552623582755915;3;84
502;8.18403977801924;4;84
503;0.441016172188508;5;84
504;29.5060866079155;6;84
505;30.953265072631;1;85
506;57.4673392752768;2;85
507;0.467543245736577;3;85
508;8.29880786561303;4;85
509;0.163337615355356;5;85
510;10.7983163726927;6;85
511;30.1270456394076;1;86
512;61.9732152068157;2;86
513;0.48275112318015;3;86
514;9.41788355185921;4;86
515;0.202986231414805;5;86
516;25.5682735181674;6;86
517;32.129902919492;1;87
518;58.9765445744699;2;87
519;0.0949993516951588;3;87
520;8.23525111419521;4;87
521;0.443124712215206;5;87
522;53.1315049310892;6;87
523;29.5089806719523;1;88
524;57.8741475372649;2;88
525;0.305571726143092;3;88
526;9.99394595753856;4;88
527;0.0902088206390637;5;88
528;47.911708176406;6;88
529;30.3346263532454;1;89
530;58.3149692076883;2;89
531;0.00746281018717454;3;89
532;8.4456281919202;4;89
533;0.160500404524965;5;89
534;43.383867246159;6;89
535;33.9829163945325;1;90
536;60.8166405491621;2;90
537;0.225255232713928;3;90
538;8.56273748591257;4;90
539;0.122331613416929;5;90
540;17.6974767620693;6;90
541;33.5789566737493;1;91
542;61.0398624569223;2;91
543;0.246876145352859;3;91
544;10.3867198422033;4;91
545;0.0858816043419313;5;91
546;0.877155191868794;6;91
547;31.3730853838492;1;92
548;59.4204223131219;2;92
549;0.385684602164677;3;92
550;10.6663302170715;4;92
551;0.413970442362143;5;92
552;25.4582503253126;6;92
553;31.4083303106098;1;93
554;60.5077232602274;2;93
555;0.249608609930418;3;93
556;9.58478380612784;4;93
557;0.352179914687181;5;93
558;57.4178360819321;6;93
559;33.3327988060548;1;94
560;59.8941846664357;2;94
561;0.00078770186549082;3;94
562;8.37181543743733;4;94
563;0.0320424491655181;5;94
564;51.7875023237802;6;94
565;28.1407800350779;1;95
566;60.5022988771813;2;95
567;0.139347873410315;3;95
568;10.4200578726781;4;95
569;0.261309144443246;5;95
570;48.7396602031626;6;95
571;29.9482558550734;1;96
572;58.1132779263582;2;96
573;0.0495257765196747;3;96
574;8.46164652412276;4;96
575;0.367862773090889;5;96
576;14.1405977328747;6;96
577;29.2072921530352;1;97
578;58.5649938884247;2;97
579;0.255316508669504;3;97
580;10.676405616404;4;97
581;0.177434412169356;5;97
582;44.5552527150169;6;97
583;33.8079610785361;1;98
584;61.8769045287844;2;98
585;0.485189161237838;3;98
586;9.20355426315866;4;98
587;0.0327375657328688;5;98
588;41.5373996879045;6;98
589;31.5912935208363;1;99
590;61.1117977937041;2;99
591;0.425238099220035;3;99
592;7.05560809668566;4;99
593;0.12658575236791;5;99
594;28.7503437392124;6;99
595;32.380104666212;1;100
596;59.7757349217274;2;100
597;0.0708646563398645;3;100
598;9.47643023695224;4;100
599;0.0846867979660346;5;100
600;0.0699386105680563;6;100
601;33.8778870970355;1;101
602;61.7964296009138;2;101
603;0.477668224430658;3;101
604;8.14396169060347;4;101
605;0.252166210384961;5;101
606;1.21910525305342;6;101
607;34.739846410031;1;102
608;60.4638181457967;2;102
609;0.0715239496873333;3;102
610;7.12188509624717;4;102
611;0.398234790314317;5;102
612;49.3086814728406;6;102
613;29.3429810798717;1;103
614;57.2254138551247;2;103
615;0.231492364182142;3;103
616;8.56745730120577;4;103
617;0.407298673772544;5;103
618;40.1146532908763;6;103
619;29.7784415882203;1;104
620;57.6390020437271;2;104
621;0.280010965722644;3;104
622;9.34335156921308;4;104
623;0.395671630727205;5;104
624;48.0705767320674;6;104
625;34.5781053588491;1;105
626;60.7436926949777;2;105
627;0.469783602266528;3;105
628;10.7583064338441;4;105
629;0.494039702458189;5;105
630;16.9457970703626;6;105
631;30.1556489407405;1;106
632;60.8629017761785;2;106
633;0.132813902460319;3;106
634;8.14983516671312;4;106
635;0.247636464819881;5;106
636;42.2647282655075;6;106
637;33.0038557316887;1;107
638;61.2273684746277;2;107
639;0.450585576596851;3;107
640;9.10144839119801;4;107
641;0.273368986185327;5;107
642;3.74045402139216;6;107
643;31.6874886751285;1;108
644;57.3732684587489;2;108
645;0.178210632378981;3;108
646;7.16105384626101;4;108
647;0.229179354399821;5;108
648;31.5721739049654;6;108
649;30.2091175096317;1;109
650;58.4618223786934;2;109
651;0.243370287912204;3;109
652;9.52926756770418;4;109
653;0.158162497853143;5;109
654;2.58795235756528;6;109
655;28.1422207519028;1;110
656;59.4545955816391;2;110
657;0.196446059957406;3;110
658;7.21856466725936;4;110
659;0.118023949503632;5;110
660;25.7935491353216;6;110
661;29.728982266285;1;111
662;60.6222328466187;2;111
663;0.0556135752567581;3;111
664;9.80522215811851;4;111
665;0.129395262986143;5;111
666;7.78606153063426;6;111
667;31.6934730607689;1;112
668;61.5527707849641;2;112
669;0.252980111024807;3;112
670;10.6228285612159;4;112
671;0.342510040856905;5;112
672;48.9297981447279;6;112
673;30.2744404087877;1;113
674;59.1179260219464;2;113
675;0.215089468862649;3;113
676;9.73971606855501;4;113
677;0.0639692431129137;5;113
678;28.2889183776894;6;113
679;32.0423388553715;1;114
680;61.3301860777092;2;114
681;0.3871530600389;3;114
682;10.1323533195232;4;114
683;0.332893903252879;5;114
684;59.6656713356545;6;114
685;31.6654804073686;1;115
686;58.1275052632907;2;115
687;0.296484615108059;3;115
688;7.54363020255072;4;115
689;0.251247647991425;5;115
690;14.533843205279;6;115
691;31.8685824284803;1;116
692;59.959631779214;2;116
693;0.00804396816519704;3;116
694;8.92178116279765;4;116
695;0.360440781473015;5;116
696;15.8806703119352;6;116
697;32.1261969161661;1;117
698;58.3440510575052;2;117
699;0.26527066012649;3;117
700;9.40590486079253;4;117
701;0.424460968778421;5;117
702;48.636349527916;6;117
703;34.0581513639369;1;118
704;60.7083472105324;2;118
705;0.12917720138289;3;118
706;8.7580728237283;4;118
707;0.0650709371615022;5;118
708;30.2696374809099;6;118
709;28.3453513622802;1;119
710;59.3580890513847;2;119
711;0.254777352181953;3;119
712;9.12137198122032;4;119
713;0.13021514562206;5;119
714;54.5476329388555;6;119
715;34.1470500105371;1;120
716;60.9456726324523;2;120
717;0.168741204604558;3;120
718;9.44127439604596;4;120
719;0.301005935177785;5;120
720;16.0528888115473;6;120
721;31.4341254436158;1;121
722;57.9493039798801;2;121
723;0.124360581361489;3;121
724;10.6830275327435;4;121
725;0.305297397699748;5;121
726;57.7445482567029;6;121
727;33.1852103609786;1;122
728;61.6374570140324;2;122
729;0.247861119227153;3;122
730;10.283342975871;4;122
731;0.442579350323583;5;122
732;31.5041402170827;6;122
733;33.6223589187111;1;123
734;59.9770215799602;2;123
735;0.150474339052576;3;123
736;7.43841625757822;4;123
737;0.374707986524578;5;123
738;53.7368763851446;6;123
739;34.8950372985537;1;124
740;58.5066766017971;2;124
741;0.291236295751658;3;124
742;8.64018675260913;4;124
743;0.1433753311922;5;124
744;6.91046869806533;6;124
745;32.1279641982024;1;125
746;59.1974266638342;2;125
747;0.443751654158664;3;125
748;7.33145139305196;4;125
749;0.0218660792387557;5;125
750;6.63756408867842;6;125
751;33.3113803234298;1;126
752;60.3798958226213;2;126
753;0.151805748875724;3;126
754;10.523986724143;4;126
755;0.482038054254846;5;126
756;52.9596567250532;6;126
757;30.8243433346708;1;127
758;60.4438811474117;2;127
759;0.338674337186794;3;127
760;10.7413533323353;4;127
761;0.252424739340777;5;127
762;4.89203108221915;6;127
763;30.4496430746982;1;128
764;60.8133319255113;2;128
765;0.379862681905634;3;128
766;8.19398859738747;4;128
767;0.151396367738846;5;128
768;53.7216315485262;6;128
769;34.8512765765838;1;129
770;60.7132613199815;2;129
771;0.308423472054566;3;129
772;7.49962945418914;4;129
773;0.0691309802222267;5;129
774;46.3128551422402;6;129
775;32.6247681186969;1;130
776;59.0414628925672;2;130
777;0.256092575088664;3;130
778;7.97339907428088;4;130
779;0.311475631606785;5;130
780;6.75602358458389;6;130
781;30.8362875579162;1;131
782;61.0651660107516;2;131
783;0.408090027867657;3;131
784;7.27232086764796;4;131
785;0.280037400120075;5;131
786;53.3926958564756;6;131
787;32.4837876558842;1;132
788;60.0132196532867;2;132
789;0.367121958467429;3;132
790;9.24064818251662;4;132
791;0.160103794055651;5;132
792;20.5489651850231;6;132
793;31.0566197442183;1;133
794;61.4626551647493;2;133
795;0.19781901927334;3;133
796;7.1363807552199;4;133
797;0.201042791840533;5;133
798;38.3107119323447;6;133
799;28.7377658186634;1;134
800;60.5273776191921;2;134
801;0.380253946695899;3;134
802;9.91941383918173;4;134
803;0.432908489867473;5;134
804;17.2501749025782;6;134
805;29.4079154622289;1;135
806;58.935297770855;2;135
807;0.43391371929755;3;135
808;8.75223975471573;4;135
809;0.347402758793802;5;135
810;15.3824095074154;6;135
811;33.924995334777;1;136
812;59.6964700969805;2;136
813;0.196646167613113;3;136
814;10.6512711706894;4;136
815;0.379937468216381;5;136
816;43.5948017542962;6;136
817;28.5526075207586;1;137
818;57.8582543126098;2;137
819;0.061065907584642;3;137
820;10.3302871115823;4;137
821;0.417195350300202;5;137
822;5.76120363012571;6;137
823;34.7835837052133;1;138
824;59.0801931253219;2;138
825;0.481337813981212;3;138
826;9.09205748714353;4;138
827;0.181671205618395;5;138
828;15.0135777125815;6;138
829;32.6786969150322;1;139
830;59.680285675887;2;139
831;0.261147916209056;3;139
832;8.59114412328969;4;139
833;0.0782092771978652;5;139
834;57.7081226405189;6;139
835;31.5591063824881;1;140
836;57.2083972631412;2;140
837;0.358314415247706;3;140
838;10.1026783105995;4;140
839;0.314846421948601;5;140
840;0.0592941395583271;6;140
841;33.9392171744668;1;141
842;60.1161423954692;2;141
843;0.055471174355371;3;141
844;8.38495621422397;4;141
845;0.257352194406965;5;141
846;38.7526338618805;6;141
847;31.9668203762169;1;142
848;61.3378979654704;2;142
849;0.331239492108537;3;142
850;7.26752277121986;4;142
851;0.100957265352773;5;142
852;40.5703457822896;6;142
853;32.578175324967;1;143
854;60.6793051445454;2;143
855;0.000264592749588899;3;143
856;10.1118553707786;4;143
857;0.241695885325288;5;143
858;11.3742238039913;6;143
859;33.8476969075035;1;144
860;58.9864699829533;2;144
861;0.408463555990073;3;144
862;10.1993824936183;4;144
863;0.408453666659924;5;144
864;56.5949943317225;6;144
865;34.3205597369923;1;145
866;58.8081652296524;2;145
867;0.228160011256387;3;145
868;9.30220437337073;4;145
869;0.418688959156746;5;145
870;16.6370662866891;6;145
871;32.5593143513457;1;146
872;59.3045192124969;2;146
873;0.275712076016;3;146
874;9.85594072950425;4;146
875;0.148966808451603;5;146
876;54.7066542354948;6;146
877;33.5606944257919;1;147
878;57.1254602353436;2;147
879;0.0520636894053587;3;147
880;10.6288065774849;4;147
881;0.0808534121885144;5;147
882;40.8859176950413;6;147
883;33.5668461374794;1;148
884;57.721469093674;2;148
885;0.0216486232036668;3;148
886;8.66494478571605;4;148
887;0.292873639285156;5;148
888;37.4675953892313;6;148
889;31.0228329449862;1;149
890;57.9120989490278;2;149
891;0.254296570569835;3;149
892;8.63246213744465;4;149
893;0.415737483707288;5;149
894;8.74391612351701;6;149
895;26.8301700459388;1;150
896;13.4463923348498;2;150
897;13.142282799055;3;150
898;8.50231820003513;4;150
899;1.49702565343737;5;150
900;12.4338070266822;6;150
901;24.5701648986551;1;151
902;26.883865785894;2;151
903;5.41907856504068;3;151
904;6.76322702505688;4;151
905;4.22829394343696;5;151
906;4.5151366256302;6;151
907;38.2270016981753;1;152
908;22.021606346107;2;152
909;3.02305353660568;3;152
910;3.85189042093522;4;152
911;4.90491478122672;5;152
912;7.03876203425536;6;152
913;17.2169140547841;1;153
914;29.8949756314505;2;153
915;3.49265980005288;3;153
916;11.2768288482381;4;153
917;4.5831858862037;5;153
918;21.8905904905003;6;153
919;22.0428538873839;1;154
920;19.5001661929935;2;154
921;0.603921219327027;3;154
922;13.9147303682675;4;154
923;4.47972425627869;5;154
924;15.5523914171337;6;154
925;33.7692418303434;1;155
926;32.0184636507152;2;155
927;7.42739030310718;3;155
928;13.0358851716099;4;155
929;0.355067376139848;5;155
930;9.02451951725896;6;155
931;18.0405237471843;1;156
932;39.3023005784103;2;156
933;4.34680477495847;3;156
934;1.26762474345112;4;156
935;1.92093314071478;5;156
936;26.7483177233263;6;156
937;32.8425571466297;1;157
938;26.6764506356906;2;157
939;1.34322960992034;3;157
940;10.1065947396764;4;157
941;3.98210653281448;5;157
942;15.224838387709;6;157
943;24.3753928646369;1;158
944;28.6221775297995;2;158
945;14.7883275247377;3;158
946;14.3925620909087;4;158
947;1.89311265700837;5;158
948;17.5785523153512;6;158
949;20.5844266444181;1;159
950;34.0317274360098;2;159
951;4.6789143006642;3;159
952;5.13331675437692;4;159
953;2.12375456332909;5;159
954;11.7242383539309;6;159
955;29.7151463748975;1;160
956;10.338888281615;2;160
957;8.82404327819244;3;160
958;12.8337220522984;4;160
959;3.50348390012123;5;160
960;10.2886509836358;6;160
961;38.5746758549088;1;161
962;17.6090031461693;2;161
963;12.6754147042886;3;161
964;3.24015659598391;4;161
965;0.550326451526894;5;161
966;1.53889329524725;6;161
967;14.13231032592;1;162
968;37.1143138491431;2;162
969;14.0211747911668;3;162
970;13.2490366765358;4;162
971;3.26724596098042;5;162
972;15.3911104800677;6;162
973;39.7801326732419;1;163
974;28.434838629626;2;163
975;8.58446320331332;3;163
976;8.09805257329122;4;163
977;4.15244184213112;5;163
978;16.7360045303102;6;163
979;12.9910090151092;1;164
980;26.9811754169899;2;164
981;7.31209275792215;3;164
982;3.83307550316619;4;164
983;4.68727572575286;5;164
984;1.81261576552748;6;164
985;18.6873035693313;1;165
986;21.7522211847966;2;165
987;10.3344698391914;3;165
988;8.36456069824906;4;165
989;4.55216074590574;5;165
990;8.51418922403074;6;165
991;25.3248932940466;1;166
992;12.5190307650301;2;166
993;10.7565296450202;3;166
994;5.68784716092148;4;166
995;2.64955195586183;5;166
996;7.15316088955584;6;166
997;22.8748028983617;1;167
998;24.1143431688741;2;167
999;3.4919404774514;3;167
1000;14.5534974343445;4;167
1001;4.36875755530147;5;167
1002;2.48871748941681;6;167
1003;12.2620293320616;1;168
1004;34.3920272535151;2;168
1005;7.47673211479525;3;168
1006;13.2350455387783;4;168
1007;1.84061765097369;5;168
1008;17.6327289856579;6;168
1009;18.3558115850731;1;169
1010;35.1389516547937;2;169
1011;1.37953007957797;3;169
1012;7.34116604095504;4;169
1013;2.11679681133919;5;169
1014;32.3357155921209;6;169
1015;21.5005986443993;1;170
1016;22.1869292612119;2;170
1017;8.39354326061194;3;170
1018;1.58122135506507;4;170
1019;0.59438186112685;5;170
1020;21.0087456195103;6;170
1021;19.6605700833755;1;171
1022;10.7178352640938;2;171
1023;7.19665352558066;3;171
1024;14.798562236801;4;171
1025;4.07608031345623;5;171
1026;3.02497851383166;6;171
1027;15.8489365423575;1;172
1028;33.3414579509538;2;172
1029;6.75945223506935;3;172
1030;8.91838150667526;4;172
1031;3.61148751763897;5;172
1032;16.1402040205043;6;172
1033;24.5680021486509;1;173
1034;13.6872362208216;2;173
1035;3.12115462420839;3;173
1036;3.12823146062281;4;173
1037;0.658698106804644;5;173
1038;13.5164943872076;6;173
1039;27.7894297967583;1;174
1040;31.1541261311261;2;174
1041;10.077013130546;3;174
1042;9.34520717590829;4;174
1043;3.83856777757638;5;174
1044;13.0781608628127;6;174
1045;21.1174492860806;1;175
1046;16.4335428756801;2;175
1047;11.6118699162812;3;175
1048;4.88621529221122;4;175
1049;0.572749473979999;5;175
1050;6.11355811030847;6;175
1051;27.6944182140022;1;176
1052;19.6319082249243;2;176
1053;5.50536618883956;3;176
1054;7.49021247037241;4;176
1055;0.792095181259653;5;176
1056;4.91394845592758;6;176
1057;14.6858990289275;1;177
1058;14.1983790992776;2;177
1059;2.650629875775;3;177
1060;0.19737617689551;4;177
1061;1.82069290269596;5;177
1062;0.23311324400805;6;177
1063;29.4451582332447;1;178
1064;19.2260061963924;2;178
1065;13.1358237721006;3;178
1066;2.70653494729795;4;178
1067;2.4449855935957;5;178
1068;5.86472520492348;6;178
1069;24.4850881292094;1;179
1070;36.5609314034492;2;179
1071;6.56793885753751;3;179
1072;4.63311611485154;4;179
1073;0.849468619089482;5;179
1074;19.816725921938;6;179
1075;34.6922574285923;1;180
1076;22.4008971488035;2;180
1077;0.438576460182464;3;180
1078;14.7151139278928;4;180
1079;0.783545086165712;5;180
1080;2.93674730361711;6;180
1081;19.016444442075;1;181
1082;33.5292252968978;2;181
1083;6.72258901672314;3;181
1084;4.12154453556246;4;181
1085;4.8484340186875;5;181
1086;19.4173699661466;6;181
1087;22.2730315549892;1;182
1088;19.1780602505089;2;182
1089;12.8070824463319;3;182
1090;7.78119694803286;4;182
1091;2.91797737457438;5;182
1092;15.9464884186486;6;182
1093;25.9191550449903;1;183
1094;18.0436951601218;2;183
1095;5.41584872265468;3;183
1096;9.23559858782868;4;183
1097;2.71137302432542;5;183
1098;7.84213924870851;6;183
1099;29.2752485553713;1;184
1100;15.1167946344012;2;184
1101;9.65418426636059;3;184
1102;3.98854160098536;4;184
1103;1.46937780040727;5;184
1104;9.55758092967167;6;184
1105;34.4805460825914;1;185
1106;11.5714062097297;2;185
1107;3.73083151315419;3;185
1108;14.8919050318771;4;185
1109;2.53035862279815;5;185
1110;3.79424755456656;6;185
1111;31.153398140263;1;186
1112;26.6204026288912;2;186
1113;6.6976825077789;3;186
1114;12.8196746886491;4;186
1115;2.02826675157685;5;186
1116;6.36171614187887;6;186
1117;30.3834330488357;1;187
1118;25.0449653889592;2;187
1119;10.7466947009578;3;187
1120;5.52755126783335;4;187
1121;1.75929724016496;5;187
1122;11.2208415493851;6;187
1123;22.7813471329564;1;188
1124;28.9157795460221;2;188
1125;5.81114214363437;3;188
1126;5.60493339518772;4;188
1127;1.16302548646697;5;188
1128;0.942761944247242;6;188
1129;21.6414403142362;1;189
1130;39.2562208243647;2;189
1131;8.27998672271038;3;189
1132;3.21900428245672;4;189
1133;0.930816844676032;5;189
1134;22.6470940276571;6;189
1135;13.0510755084763;1;190
1136;24.6443730298944;2;190
1137;9.78597868455425;3;190
1138;6.91692089781472;4;190
1139;4.42246623216818;5;190
1140;3.5389025498691;6;190
1141;39.8101666378694;1;191
1142;16.8854751908611;2;191
1143;5.39620869710392;3;191
1144;2.57672628392105;4;191
1145;2.5965199203738;5;191
1146;8.31258074693282;6;191
1147;28.0062898000362;1;192
1148;16.7494842881778;2;192
1149;6.92619119976923;3;192
1150;5.69232981557247;4;192
1151;2.78752521783858;5;192
1152;0.458956326108767;6;192
1153;22.8412313218457;1;193
1154;28.6268426751133;2;193
1155;7.09551980422005;3;193
1156;1.0593249397408;4;193
1157;4.11034896029962;5;193
1158;2.27141787647382;6;193
1159;38.6296045182616;1;194
1160;10.0480843846134;2;194
1161;14.3805270343939;3;194
1162;13.5008487701438;4;194
1163;3.95347238362521;5;194
1164;3.59643428104829;6;194
1165;32.1292822332018;1;195
1166;39.0960828070691;2;195
1167;13.6567959815294;3;195
1168;11.6862386762725;4;195
1169;0.447195855236128;5;195
1170;34.3955428706817;6;195
1171;21.795462787072;1;196
1172;14.8190774748274;2;196
1173;3.29314758152085;3;196
1174;0.928168178550539;4;196
1175;2.66952608027524;5;196
1176;0.0279368999008282;6;196
1177;28.7845998887123;1;197
1178;20.1671575776289;2;197
1179;14.9086746059937;3;197
1180;9.92474129340965;4;197
1181;3.65481687336715;5;197
1182;13.5804299715268;6;197
1183;32.4858458310932;1;198
1184;17.2784051066843;2;198
1185;10.9541332525894;3;198
1186;0.415868548084785;4;198
1187;4.06901837938304;5;198
1188;16.518304026939;6;198
1189;29.1217171569993;1;199
1190;20.2147350554123;2;199
1191;5.23219774322538;3;199
1192;7.05239659664742;4;199
1193;2.05616578617029;5;199
1194;12.0318201226357;6;199
1195;28.7246273430933;1;200
1196;24.3768114147639;2;200
1197;13.8157199342128;3;200
1198;5.41099656231978;4;200
1199;4.46662805868977;5;200
1200;16.6213810221207;6;200
1201;31.4422813841895;1;201
1202;24.8534281494269;2;201
1203;12.5639409985524;3;201
1204;13.5490110110207;4;201
1205;3.81093174088259;5;201
1206;22.126458623846;6;201
1207;32.8590325382545;1;202
1208;37.7482808880409;2;202
1209;10.6840273351755;3;202
1210;2.18077370950675;4;202
1211;1.75083990118437;5;202
1212;36.0237917824677;6;202
1213;37.3342788758689;1;203
1214;36.1140541046444;2;203
1215;5.46842339846041;3;203
1216;4.71275580689477;4;203
1217;0.181491760877866;5;203
1218;2.48378962888759;6;203
1219;18.7702972543666;1;204
1220;39.4415693283836;2;204
1221;9.5158495614697;3;204
1222;10.7692604310973;4;204
1223;2.43116867982253;5;204
1224;39.1886227594888;6;204
1225;38.7827212023227;1;205
1226;20.5532368613577;2;205
1227;10.8098922996941;3;205
1228;9.46344339683593;4;205
1229;2.71912462664466;5;205
1230;18.7627688674892;6;205
1231;11.7371090201407;1;206
1232;21.3697849297235;2;206
1233;4.8758557254881;3;206
1234;0.890266009992279;4;206
1235;1.07099634090407;5;206
1236;5.23828089921346;6;206
1237;26.9481926898471;1;207
1238;17.1581604441619;2;207
1239;8.84024477528489;3;207
1240;8.62208659068732;4;207
1241;1.8989411616455;5;207
1242;13.2444049417875;6;207
1243;38.175678084825;1;208
1244;23.4626395240955;2;208
1245;3.21288206189535;3;208
1246;12.5481748611729;4;208
1247;1.04527515391961;5;208
1248;9.84949872809871;6;208
1249;21.3943911122018;1;209
1250;36.4092197708575;2;209
1251;1.13847543465506;3;209
1252;7.81864293170463;4;209
1253;4.23506158013635;5;209
1254;28.9997287620243;6;209
1255;21.6810331938551;1;210
1256;38.7638630892159;2;210
1257;13.4352245624358;3;210
1258;0.187004231940358;4;210
1259;2.52124975137027;5;210
1260;29.0310249665316;6;210
1261;13.8295509530169;1;211
1262;28.8595111063743;2;211
1263;2.0470007070493;3;211
1264;2.30098271293009;4;211
1265;0.320160567839576;5;211
1266;26.1447530446468;6;211
1267;21.4037749641503;1;212
1268;10.9540146110667;2;212
1269;8.26539346541312;3;212
1270;11.9993503636281;4;212
1271;1.77151542483198;5;212
1272;4.81706801492283;6;212
1273;11.646079857113;1;213
1274;16.8130380531941;2;213
1275;10.147958881537;3;213
1276;9.23900642799967;4;213
1277;4.42535620915837;5;213
1278;8.44883942988059;6;213
1279;14.0531079592254;1;214
1280;15.4467912580611;2;214
1281;12.2160863344527;3;214
1282;7.06956831690374;4;214
1283;4.63281632524451;5;214
1284;6.64487871986758;6;214
1285;32.2177371560818;1;215
1286;21.3363011934266;2;215
1287;2.05140477204479;3;215
1288;10.2175707505186;4;215
1289;0.4258672191607;5;215
1290;21.2886423308765;6;215
1291;14.4800828321103;1;216
1292;16.1574609692585;2;216
1293;1.6035570830637;3;216
1294;1.0165607271971;4;216
1295;2.83437902596039;5;216
1296;4.80303355358148;6;216
1297;28.1936407215616;1;217
1298;18.583784418354;2;217
1299;10.9780505603361;3;217
1300;9.06825599483144;4;217
1301;4.86101975169664;5;217
1302;9.57208603330721;6;217
1303;29.2037008939719;1;218
1304;18.7103214648471;2;218
1305;12.9057421873647;3;218
1306;14.5117955717361;4;218
1307;2.86636659769033;5;218
1308;16.3961124965844;6;218
1309;33.5992983886778;1;219
1310;26.966222914875;2;219
1311;11.8980508491087;3;219
1312;11.8931220592515;4;219
1313;3.51836823748996;5;219
1314;13.5144473983399;6;219
1315;19.4865199809191;1;220
1316;15.1056199638732;2;220
1317;7.98007655744254;3;220
1318;6.12824995971998;4;220
1319;2.47324023974089;5;220
1320;9.0467122916511;6;220
1321;24.6271975111359;1;221
1322;35.7194901280853;2;221
1323;8.00883287303385;3;221
1324;8.38399671468401;4;221
1325;0.0388194925056579;5;221
1326;27.3449640725579;6;221
1327;12.6700894544287;1;222
1328;26.7825991476476;2;222
1329;14.8138395025785;3;222
1330;12.5340291015303;4;222
1331;2.10430564183416;5;222
1332;10.8151365376281;6;222
1333;18.3389454807353;1;223
1334;36.9466037403589;2;223
1335;1.60958288925396;3;223
1336;10.715194514634;4;223
1337;4.77890447804703;5;223
1338;36.2444080437991;6;223
1339;19.6394092371653;1;224
1340;34.4848219362765;2;224
1341;11.5399193712703;3;224
1342;11.5264060933681;4;224
1343;0.543124010355707;5;224
1344;23.3259437606535;6;224
1345;24.5085781609624;1;225
1346;16.3266749240992;2;225
1347;8.7887867864857;3;225
1348;7.28833186813338;4;225
1349;3.74733970872591;5;225
1350;3.03086145837081;6;225
1351;35.4404933173115;1;226
1352;36.9198332523341;2;226
1353;0.957070120407758;3;226
1354;0.384385784473854;4;226
1355;4.57669836897073;5;226
1356;16.9831383350875;6;226
1357;28.0262058283159;1;227
1358;27.7691259809231;2;227
1359;10.2319266331996;3;227
1360;4.12048254944302;4;227
1361;2.41289416482907;5;227
1362;22.6021174261681;6;227
1363;14.2702817750239;1;228
1364;27.787129605646;2;228
1365;0.960506726064052;3;228
1366;0.573421281479135;4;228
1367;1.45413672038506;5;228
1368;15.4702156932108;6;228
1369;36.5199390467192;1;229
1370;29.8092152298708;2;229
1371;14.4293123937328;3;229
1372;0.372751318732344;4;229
1373;4.03175970922156;5;229
1374;5.51800612562517;6;229
1375;27.507800610521;1;230
1376;30.7116176928954;2;230
1377;11.4532224115853;3;230
1378;2.07737034431986;4;230
1379;1.97869177374746;5;230
1380;22.595919655015;6;230
1381;11.4990201062557;1;231
1382;29.5662918808123;2;231
1383;2.42041671202567;3;231
1384;11.3099132792637;4;231
1385;4.27057280529935;5;231
1386;15.9002454045061;6;231
1387;23.6448194024664;1;232
1388;25.0386888562105;2;232
1389;2.78898950068401;3;232
1390;4.18572064661829;4;232
1391;3.00712839922375;5;232
1392;16.133470302312;6;232
1393;13.3137241145214;1;233
1394;10.8487786278822;2;233
1395;11.615919328504;3;233
1396;0.108746143918136;4;233
1397;0.729305392476055;5;233
1398;1.19094075625855;6;233
1399;11.5599586454385;1;234
1400;39.3404361391517;2;234
1401;6.80083446677973;3;234
1402;6.8580526930683;4;234
1403;4.72001475638655;5;234
1404;22.6403062285962;6;234
1405;19.4454908354942;1;235
1406;22.994328395328;2;235
1407;10.894547548678;3;235
1408;12.8024805494607;4;235
1409;3.19038999403166;5;235
1410;10.6229767419632;6;235
1411;23.1202163974861;1;236
1412;28.415470928235;2;236
1413;5.08839703359174;3;236
1414;0.64541804714934;4;236
1415;2.78497165757888;5;236
1416;26.7428409184265;6;236
1417;30.004047056661;1;237
1418;15.7689574365302;2;237
1419;5.38999516849146;3;237
1420;7.20437050843036;4;237
1421;3.97671129514546;5;237
1422;0.180366577530431;6;237
1423;20.3037992195096;1;238
1424;28.5563501133349;2;238
1425;7.04882827029438;3;238
1426;7.3109672482976;4;238
1427;1.0489627472745;5;238
1428;28.2465635523265;6;238
1429;29.0022956107752;1;239
1430;22.9990018356468;2;239
1431;3.79222254844866;3;239
1432;9.24421339789135;4;239
1433;0.965889886534698;5;239
1434;16.4694750796929;6;239
1435;13.7565199627436;1;240
1436;11.6907846767577;2;240
1437;3.91334856892998;3;240
1438;3.28919372901236;4;240
1439;3.31617406825197;5;240
1440;11.5038134325922;6;240
1441;23.3064155217467;1;241
1442;10.6928881015808;2;241
1443;0.683265506354445;3;241
1444;12.0465420929195;4;241
1445;1.88850258569455;5;241
1446;8.92564826451171;6;241
1447;34.9249370974318;1;242
1448;27.1489305219304;2;242
1449;7.93161509931001;3;242
1450;11.3132313144543;4;242
1451;0.461709162048228;5;242
1452;2.33750841205745;6;242
1453;36.6199446881823;1;243
1454;10.1667237420545;2;243
1455;8.2017935326871;3;243
1456;1.78218530175949;4;243
1457;4.55703458819794;5;243
1458;4.49528418227872;6;243
1459;32.7854611993195;1;244
1460;27.5692835205176;2;244
1461;13.0455267512026;3;244
1462;6.83994491466768;4;244
1463;3.60009011852645;5;244
1464;3.31919255123268;6;244
1465;15.8034445932152;1;245
1466;33.7836425887542;2;245
1467;10.960938429945;3;245
1468;9.59730821077675;4;245
1469;2.7345577080289;5;245
1470;18.2643683071043;6;245
1471;31.0602095694634;1;246
1472;38.1496847728323;2;246
1473;2.84666058346814;3;246
1474;7.04334257758303;4;246
1475;4.21688810766302;5;246
1476;6.78637484404961;6;246
1477;38.4607130219357;1;247
1478;31.5923051321438;2;247
1479;6.79050360828595;3;247
1480;8.54031742641172;4;247
1481;3.11332216304342;5;247
1482;0.0801551941822595;6;247
1483;27.572698165876;1;248
1484;36.3404910723629;2;248
1485;10.8497929696441;3;248
1486;14.3731267696945;4;248
1487;3.41579339293257;5;248
1488;22.486016692485;6;248
1489;16.0823861616664;1;249
1490;38.0506284666762;2;249
1491;7.19632266849387;3;249
1492;7.59375304163995;4;249
1493;3.52397341704915;5;249
1494;4.31352296651699;6;249
1495;21.7895305249517;1;250
1496;30.7433003718413;2;250
1497;4.70434788715693;3;250
1498;2.49857388058459;4;250
1499;2.5331264912606;5;250
1500;7.67359079412472;6;250
1501;36.4999490691205;1;251
1502;22.9096295398059;2;251
1503;14.8060233429365;3;251
1504;9.98063201935741;4;251
1505;3.75962159274228;5;251
1506;15.9310265136249;6;251
1507;25.8680349064522;1;252
1508;19.7691613731641;2;252
1509;14.864490315054;3;252
1510;0.498141382092432;4;252
1511;4.53076740802809;5;252
1512;3.59221448392524;6;252
1513;21.611661278051;1;253
1514;31.1655313689182;2;253
1515;13.2622870288132;3;253
1516;7.31533846510605;4;253
1517;3.87700800059187;5;253
1518;16.081987589978;6;253
1519;34.5241944070266;1;254
1520;20.8099406299522;2;254
1521;9.47181499013242;3;254
1522;2.89412993148767;4;254
1523;1.39512234173796;5;254
1524;8.70652771368732;6;254
1525;26.0143463248233;1;255
1526;25.9713822989739;2;255
1527;14.1722643670423;3;255
1528;10.1211352074514;4;255
1529;1.15270418012885;5;255
1530;12.7848781709915;6;255
1531;12.0080341474054;1;256
1532;29.2192214597789;2;256
1533;3.21513351967536;3;256
1534;3.1298103803352;4;256
1535;1.96220926371103;5;256
1536;24.9676501332453;6;256
1537;19.5743951392075;1;257
1538;26.7420643422709;2;257
1539;11.1195414519962;3;257
1540;7.94066336221666;4;257
1541;2.72277457688595;5;257
1542;21.4217648428153;6;257
1543;36.0595406518969;1;258
1544;12.5632556791027;2;258
1545;0.111495265751358;3;258
1546;4.50312669327031;4;258
1547;4.64180354353165;5;258
1548;10.7748564610971;6;258
1549;28.5367522305033;1;259
1550;14.3582626259552;2;259
1551;1.88396183674902;3;259
1552;10.8410047877509;4;259
1553;0.503217524776726;5;259
1554;4.5408207467474;6;259
1555;33.9296473299953;1;260
1556;30.0451268445275;2;260
1557;4.6684655619562;3;260
1558;9.34245706776872;4;260
1559;3.21089571668759;5;260
1560;7.67152038468985;6;260
1561;34.6981269643792;1;261
1562;35.8946547754733;2;261
1563;4.65589352138142;3;261
1564;5.33553897839722;4;261
1565;1.0566541037846;5;261
1566;0.781658945861726;6;261
1567;24.6564548082431;1;262
1568;21.3329216847796;2;262
1569;5.88448187390021;3;262
1570;11.6904520752577;4;262
1571;3.31604480224026;5;262
1572;0.354914663408205;6;262
1573;14.1874531352417;1;263
1574;38.3966582387866;2;263
1575;11.6812094056767;3;263
1576;10.8814045845656;4;263
1577;3.14646765911862;5;263
1578;22.006739383713;6;263
1579;32.6211776034495;1;264
1580;14.8120263581725;2;264
1581;8.92959159496397;3;264
1582;3.91227893612249;4;264
1583;3.88794762671098;5;264
1584;5.26068981547021;6;264
1585;34.2652815039059;1;265
1586;26.7855442070973;2;265
1587;14.4580951924241;3;265
1588;6.07852032012321;4;265
1589;0.50635848067318;5;265
1590;1.21090977412438;6;265
1591;25.1500031877877;1;266
1592;20.7840486898588;2;266
1593;4.05303860013998;3;266
1594;9.21124952260333;4;266
1595;1.98107911521272;5;266
1596;11.5870379831835;6;266
1597;24.501014522954;1;267
1598;15.2153091200567;2;267
1599;10.1950072538926;3;267
1600;14.2487242198823;4;267
1601;0.565346477397566;5;267
1602;10.2049253245541;6;267
1603;37.9412554788791;1;268
1604;12.994435524037;2;268
1605;13.6566230382854;3;268
1606;12.4513117645257;4;268
1607;1.58154425366176;5;268
1608;0.121806983332583;6;268
1609;10.5061726877762;1;269
1610;16.2474332928704;2;269
1611;2.68263529008057;3;269
1612;13.8213571227664;4;269
1613;3.37090756965874;5;269
1614;0.110062074772102;6;269
1615;25.1087208336948;1;270
1616;37.3864002247962;2;270
1617;2.14266660358726;3;270
1618;7.80557286250499;4;270
1619;2.49871802094347;5;270
1620;15.7903148985781;6;270
1621;16.4037122816547;1;271
1622;22.4653364512876;2;271
1623;2.88530317890972;3;271
1624;4.65612007448147;4;271
1625;2.94603134883822;5;271
1626;15.237603924116;6;271
1627;13.9577666442853;1;272
1628;19.0230157726893;2;272
1629;12.1679036859022;3;272
1630;10.4346164046583;4;272
1631;1.73774951263812;5;272
1632;8.16056178798535;6;272
1633;39.0272604412185;1;273
1634;20.8066705030142;2;273
1635;0.541475412687153;3;273
1636;2.05689590077576;4;273
1637;1.97684377273225;5;273
1638;11.0041329630073;6;273
1639;11.8998522494379;1;274
1640;27.4367378749587;2;274
1641;9.73929844002484;3;274
1642;7.56409173722438;4;274
1643;4.32717716194043;5;274
1644;13.6940830706222;6;274
1645;13.3401138012597;1;275
1646;28.1682315558867;2;275
1647;1.07900066551574;3;275
1648;0.483024855668828;4;275
1649;3.53856217079775;5;275
1650;16.2662179154249;6;275
1651;18.4618409684696;1;276
1652;23.3341396245928;2;276
1653;7.16096397841714;3;276
1654;7.81557347426017;4;276
1655;1.36593628571642;5;276
1656;6.1360737406812;6;276
1657;27.0361348848043;1;277
1658;17.0511733895316;2;277
1659;6.3829329924146;3;277
1660;14.8671764902014;4;277
1661;4.66688959428626;5;277
1662;5.42769380196878;6;277
1663;38.7110647247445;1;278
1664;12.8456811309039;2;278
1665;1.04627651483062;3;278
1666;6.53812006376495;4;278
1667;4.99615950199437;5;278
1668;11.7956723690911;6;278
1669;26.0144478760519;1;279
1670;21.0238599455467;2;279
1671;5.60996397843786;3;279
1672;9.33470623502776;4;279
1673;4.12433673779971;5;279
1674;0.127049780480039;6;279
1675;34.007671560393;1;280
1676;39.554100407863;2;280
1677;4.61015306582642;3;280
1678;11.2255724181663;4;280
1679;4.24956629454506;5;280
1680;12.0902146722169;6;280
1681;19.8318742974446;1;281
1682;25.1689833094002;2;281
1683;13.5157233664656;3;281
1684;3.18035536836115;4;281
1685;2.13592330774825;5;281
1686;8.34229574452571;6;281
1687;28.7074537695279;1;282
1688;21.4277227580004;2;282
1689;12.7574345527242;3;282
1690;11.4812169651702;4;282
1691;3.49019528400233;5;282
1692;13.9927432979114;6;282
1693;15.1354222780793;1;283
1694;38.1666146280095;2;283
1695;14.3087200018847;3;283
1696;11.1902038089751;4;283
1697;1.77163115321954;5;283
1698;37.8818205771403;6;283
1699;28.7797355429683;1;284
1700;33.4362987754313;2;284
1701;6.49032598398765;3;284
1702;0.11653919120778;4;284
1703;1.64452249100191;5;284
1704;32.0718434046145;6;284
1705;13.7941404319827;1;285
1706;37.5301221492963;2;285
1707;14.013831962496;3;285
1708;6.42724759410048;4;285
1709;3.54854914729808;5;285
1710;16.6959997333699;6;285
1711;29.8372915705519;1;286
1712;37.819732563264;2;286
1713;6.79172044318493;3;286
1714;13.6963084581946;4;286
1715;4.58023518266591;5;286
1716;10.0840189409869;6;286
1717;35.5508997853669;1;287
1718;34.8222669966032;2;287
1719;6.06104456198342;3;287
1720;2.74237819797896;4;287
1721;0.338107095592037;5;287
1722;0.571979970088042;6;287
1723;22.6942509719031;1;288
1724;21.6564170459586;2;288
1725;11.5699744278659;3;288
1726;1.67535507021632;4;288
1727;4.83463105790766;5;288
1728;7.69096475790725;6;288
1729;24.8408537531598;1;289
1730;19.8275933851574;2;289
1731;8.11115544629905;3;289
1732;5.85011168631963;4;289
1733;2.34555498680733;5;289
1734;4.42812714986502;6;289
1735;14.4035722384597;1;290
1736;22.175802731633;2;290
1737;5.42468901394949;3;290
1738;7.67430125005577;4;290
1739;4.70120819613762;5;290
1740;5.53768867499971;6;290
1741;33.1140022597353;1;291
1742;21.5149561281406;2;291
1743;2.57595798102616;3;291
1744;0.195707463713417;4;291
1745;3.21519348211177;5;291
1746;2.92053482645679;6;291
1747;21.1118776391864;1;292
1748;16.8323451716688;2;292
1749;1.73989176553145;3;292
1750;11.2591774601285;4;292
1751;3.38191476251742;5;292
1752;2.0002023262589;6;292
1753;10.9799537826263;1;293
1754;20.7786930583533;2;293
1755;0.147742982898692;3;293
1756;14.0909988679635;4;293
1757;0.300427498706948;5;293
1758;3.00410757711931;6;293
1759;22.01997196287;1;294
1760;19.2190998883657;2;294
1761;5.73889624457324;3;294
1762;1.21532967823416;4;294
1763;2.64992959341078;5;294
1764;1.06738196275481;6;294
1765;33.4752291120595;1;295
1766;24.1939032011124;2;295
1767;6.53459931789766;3;295
1768;13.7544149103673;4;295
1769;2.43671933271594;5;295
1770;14.8697462926682;6;295
1771;21.9775721136863;1;296
1772;13.2522076712004;2;296
1773;2.84702029209094;3;296
1774;1.14186872172111;4;296
1775;2.5625254181979;5;296
1776;7.59568168218708;6;296
1777;16.4839584600426;1;297
1778;22.8523805163248;2;297
1779;9.26653990333617;3;297
1780;13.3654935809797;4;297
1781;2.79657671537664;5;297
1782;18.6581283841449;6;297
1783;29.4361288004483;1;298
1784;11.4301994875912;2;298
1785;9.57304347100853;3;298
1786;13.7898174980205;4;298
1787;0.326200451730889;5;298
1788;10.0124515065546;6;298
1789;37.7169880158087;1;299
1790;12.4344847972381;2;299
1791;12.0552860042453;3;299
1792;6.5213753868052;4;299
1793;4.44648696466909;5;299
1794;3.3915931532116;6;299
1795;0.00448713008644201;1;300
1796;0.000174774731357145;2;300
1797;0.00827117112493026;3;300
1798;0.00762160617273685;4;300
1799;0.000758411339082123;5;300
1800;8.82460702302969E-05;6;300
1801;0.00119501490447002;1;301
1802;0.000959433258071249;2;301
1803;0.00941740380404482;3;301
1804;0.00985990632334284;4;301
1805;0.00458509068741118;5;301
1806;0.000481259759361972;6;301
1807;0.00751277197315219;1;302
1808;0.00965633741963659;2;302
1809;0.00701475096662465;3;302
1810;0.00885583124429845;4;302
1811;0.00894452686842152;5;302
1812;0.00345683349037556;6;302
1813;0.00736144267182086;1;303
1814;0.00545060549209948;2;303
1815;0.00106654845711359;3;303
1816;0.00650026778161888;4;303
1817;0.00669483089488312;5;303
1818;0.00296125486879275;6;303
1819;0.00400071144296102;1;304
1820;0.0051787661684563;2;304
1821;0.00830448533276943;3;304
1822;0.00601618219920342;4;304
1823;0.00490923600454479;5;304
1824;0.000248210683012976;6;304
1825;0.000168455532294433;1;305
1826;0.00413546915941632;2;305
1827;0.00273728217604984;3;305
1828;0.00696132953944018;4;305
1829;0.00638158346243196;5;305
1830;0.00323715948899868;6;305
1831;0.00893570080102125;1;306
1832;0.00591930470000597;2;306
1833;0.00483998493603852;3;306
1834;0.00597545429785024;4;306
1835;0.00838888680380861;5;306
1836;0.00553661830530938;6;306
1837;0.00265405418311556;1;307
1838;0.00612188238508255;2;307
1839;0.000631910243682356;3;307
1840;0.00731797674349381;4;307
1841;0.00765054891943501;5;307
1842;0.00358538811290598;6;307
1843;0.00335289649296501;1;308
1844;0.00246478548419406;2;308
1845;0.00340366410438766;3;308
1846;0.00913454973048317;4;308
1847;0.00436061760731593;5;308
1848;0.00176249376687151;6;308
1849;0.00340123618676476;1;309
1850;0.00896786909603311;2;309
1851;0.00695913933509215;3;309
1852;0.000181461279514825;4;309
1853;0.0048961414332589;5;309
1854;0.000809176291626812;6;309
1855;0.00261570423210933;1;310
1856;0.00961794791679539;2;310
1857;0.00824660102919887;3;310
1858;0.00278885063008891;4;310
1859;0.00356796794529903;5;310
1860;0.00237466350659067;6;310
1861;0.00234350546036113;1;311
1862;0.000645076420181921;2;311
1863;2.79753498906976E-05;3;311
1864;0.00334581727481352;4;311
1865;0.00941632582971041;5;311
1866;0.000397593198561767;6;311
1867;0.00546088143138244;1;312
1868;0.00757752712173882;2;312
1869;0.00830224534203403;3;312
1870;0.000147193508209615;4;312
1871;0.00216729734552409;5;312
1872;0.00340180811272036;6;312
1873;0.00422626312527524;1;313
1874;0.00867375674751415;2;313
1875;0.00351220985622257;3;313
1876;0.00405630220202104;4;313
1877;0.00975236739441375;5;313
1878;0.00491191493250772;6;313
1879;0.00557778970873443;1;314
1880;0.00931267924471624;2;314
1881;0.00391936168637392;3;314
1882;0.00923066065752932;4;314
1883;0.00978853661337233;5;314
1884;0.00570654221752886;6;314
1885;0.00563532432160744;1;315
1886;0.00755373782614611;2;315
1887;0.000150089967145084;3;315
1888;0.00947822736306823;4;315
1889;0.00847393352928773;5;315
1890;0.00188413375213598;6;315
1891;0.00710445178216682;1;316
1892;0.00169551736053665;2;316
1893;0.00487788101634048;3;316
1894;0.00141160123895644;4;316
1895;0.00445271408267646;5;316
1896;0.0010657737543525;6;316
1897;0.00790010689333841;1;317
1898;0.00667503380855515;2;317
1899;0.00961384966080845;3;317
1900;0.000149429535736528;4;317
1901;0.00701793844156864;5;317
1902;0.0044729697215534;6;317
1903;0.00446886231839656;1;318
1904;0.00508211805187644;2;318
1905;0.00802907916309573;3;318
1906;0.00917753657859486;4;318
1907;0.00406548368596047;5;318
1908;0.00387744502063486;6;318
1909;0.00264482442419006;1;319
1910;0.00182991290226857;2;319
1911;0.00426492987662914;3;319
1912;0.00808899269814581;4;319
1913;0.0074753145598169;5;319
1914;0.000314064906407785;6;319
1915;0.00256346792634832;1;320
1916;0.00144774259371119;2;320
1917;0.00850316941405451;3;320
1918;0.00157247505092781;4;320
1919;0.000198320773188522;5;320
1920;7.77661185046867E-05;6;320
1921;1.63390573643107E-05;1;321
1922;0.00888506170869099;2;321
1923;0.00547403824608556;3;321
1924;0.00495826907410391;4;321
1925;0.00340410008882469;5;321
1926;0.0070969631073202;6;321
1927;0.00361262948921338;1;322
1928;0.000183149433588231;2;322
1929;0.0070476794429758;3;322
1930;0.00533471891353532;4;322
1931;0.00757630530139895;5;322
1932;0.000150323560159248;6;322
1933;0.00825573814279415;1;323
1934;0.0045012203253071;2;323
1935;0.00902504636294929;3;323
1936;0.000595889561833158;4;323
1937;0.00694173969345253;5;323
1938;0.00145568206362419;6;323
1939;0.00212995368575649;1;324
1940;0.00254476484696235;2;324
1941;0.00426841384135971;3;324
1942;0.00255531020325301;4;324
1943;0.00159820993473323;5;324
1944;0.000401588741803336;6;324
1945;0.00107727288895543;1;325
1946;0.00133260820910483;2;325
1947;0.00275866458962632;3;325
1948;0.000287283799696048;4;325
1949;0.00803688259294123;5;325
1950;0.000421793814892977;6;325
1951;0.00125318047873762;1;326
1952;0.00276924622251315;2;326
1953;0.0011465612674857;3;326
1954;0.00159133205214968;4;326
1955;0.00521301776470459;5;326
1956;0.00153971785843639;6;326
1957;0.00321934393031668;1;327
1958;0.000477853644317959;2;327
1959;0.00471085536267477;3;327
1960;0.00508502109410751;4;327
1961;0.00886135487342633;5;327
1962;0.000229937014304284;6;327
1963;0.00914829483906765;1;328
1964;0.00553860096932924;2;328
1965;0.00527450646499187;3;328
1966;0.00343801861556735;4;328
1967;0.00583736101888752;5;328
1968;0.000968448055096194;6;328
1969;0.000288546764580323;1;329
1970;0.00611557582898027;2;329
1971;0.00324476595179367;3;329
1972;0.000538552694045387;4;329
1973;0.00241883102612198;5;329
1974;0.00605959759403596;6;329
