1975;44.1161882265549;1;330
1976;44.1161882265549;2;330
1977;0.892746390381049;3;330
1978;8.03936383206915;4;330
1979;0.223064571092645;5;330
1980;17.8448355483834;6;330
1981;44.4917017182297;1;331
1982;44.4917017182297;2;331
1983;0.680672208849829;3;331
1984;7.5275266519266;4;331
1985;0.154188391431453;5;331
1986;29.8047689838014;6;331
1987;42.1669409788421;1;332
1988;42.1669409788421;2;332
1989;0.708533899063819;3;332
1990;8.2223480916937;4;332
1991;0.0889105795148816;5;332
1992;18.7471018588767;6;332
1993;41.0970594729281;1;333
1994;41.0970594729281;2;333
1995;0.723027840387628;3;333
1996;8.83372163378993;4;333
1997;0.167433316556789;5;333
1998;38.8520921504819;6;333
1999;43.6851062771078;1;334
2000;43.6851062771078;2;334
2001;0.770610610773365;3;334
2002;7.91291766315045;4;334
2003;0.174337776702622;5;334
2004;35.1881522803473;6;334
2005;40.6287420916622;1;335
2006;40.6287420916622;2;335
2007;0.83259168280854;3;335
2008;9.65321743467068;4;335
2009;0.0970511446313904;5;335
2010;29.435353125173;6;335
2011;42.6507048385958;1;336
2012;42.6507048385958;2;336
2013;0.9071722786369;3;336
2014;10.7123467420102;4;336
2015;0.0925527168751397;5;336
2016;30.3613597080617;6;336
2017;43.0116325141231;1;337
2018;43.0116325141231;2;337
2019;0.716845564936793;3;337
2020;9.51995144890264;4;337
2021;0.163039637690013;5;337
2022;37.2667451796788;6;337
2023;43.9381711443356;1;338
2024;43.9381711443356;2;338
2025;0.552630868362687;3;338
2026;9.27953931809554;4;338
2027;0.219584045653714;5;338
2028;19.1024228317293;6;338
2029;40.980216971757;1;339
2030;40.980216971757;2;339
2031;0.706852640204925;3;339
2032;9.37617754383335;4;339
2033;0.0454310712671305;5;339
2034;6.09277481915247;6;339
2035;40.6644580922983;1;340
2036;40.6644580922983;2;340
2037;0.574541920795267;3;340
2038;9.66906619544993;4;340
2039;0.496293054702863;5;340
2040;24.4280793125376;6;340
2041;43.4745390070328;1;341
2042;43.4745390070328;2;341
2043;0.874781713913827;3;341
2044;10.7934382372772;4;341
2045;0.164056356513531;5;341
2046;15.5102078170701;6;341
2047;43.4653146776245;1;342
2048;43.4653146776245;2;342
2049;0.882634755277217;3;342
2050;7.55516119787482;4;342
2051;0.39984883983984;5;342
2052;7.16127541591836;6;342
2053;41.4406883224702;1;343
2054;41.4406883224702;2;343
2055;0.647084783860589;3;343
2056;9.38195610205634;4;343
2057;0.0749080665342605;5;343
2058;36.4728628480919;6;343
2059;40.0129325868299;1;344
2060;40.0129325868299;2;344
2061;0.975285753863421;3;344
2062;8.10484222683771;4;344
2063;0.154623985896744;5;344
2064;2.88381592093258;6;344
2065;43.5180612190259;1;345
2066;43.5180612190259;2;345
2067;0.8110778843098;3;345
2068;10.6097873738548;4;345
2069;0.0926640836650314;5;345
2070;19.1662787542332;6;345
2071;44.3032156704356;1;346
2072;44.3032156704356;2;346
2073;0.767533775410331;3;346
2074;7.53288572288845;4;346
2075;0.227835677956043;5;346
2076;36.8375806315742;6;346
2077;44.0758929969071;1;347
2078;44.0758929969071;2;347
2079;0.560208747056487;3;347
2080;9.40815331096291;4;347
2081;0.147900990620038;5;347
2082;15.6167414706388;6;347
2083;43.6185162422832;1;348
2084;43.6185162422832;2;348
2085;0.772505758000488;3;348
2086;7.30838874524033;4;348
2087;0.384920013812055;5;348
2088;1.02918591002325;6;348
2089;43.7056203202414;1;349
2090;43.7056203202414;2;349
2091;0.78716726302981;3;349
2092;8.41724023368647;4;349
2093;0.275828868070083;5;349
2094;28.1060630277388;6;349
2095;42.7972380306404;1;350
2096;42.7972380306404;2;350
2097;0.656821461701979;3;350
2098;7.3157952128301;4;350
2099;0.257010964907906;5;350
2100;25.2114420531692;6;350
2101;43.0191828843394;1;351
2102;43.0191828843394;2;351
2103;0.899894245198607;3;351
2104;8.52300225643665;4;351
2105;0.00262978839608929;5;351
2106;8.44988160901305;6;351
2107;42.8386588478131;1;352
2108;42.8386588478131;2;352
2109;0.542685084290715;3;352
2110;7.53999004443255;4;352
2111;0.146904985641924;5;352
2112;4.1337102418518;6;352
2113;43.7899423224305;1;353
2114;43.7899423224305;2;353
2115;0.757208471390177;3;353
2116;10.0360348702134;4;353
2117;0.156625409062261;5;353
2118;2.09509762885474;6;353
2119;44.1793827634443;1;354
2120;44.1793827634443;2;354
2121;0.969349134036155;3;354
2122;9.92755293692529;4;354
2123;0.0445941284464025;5;354
2124;2.07015529790825;6;354
2125;44.3681025929485;1;355
2126;44.3681025929485;2;355
2127;0.99924240273838;3;355
2128;8.72910056908006;4;355
2129;0.46803689332125;5;355
2130;4.2718055473655;6;355
2131;44.57247355063;1;356
2132;44.57247355063;2;356
2133;0.980625233260761;3;356
2134;10.5026425775635;4;356
2135;0.22927472335543;5;356
2136;3.925849081456;6;356
2137;43.9156905380464;1;357
2138;43.9156905380464;2;357
2139;0.591615068726208;3;357
2140;9.6397422102262;4;357
2141;0.107717443434304;5;357
2142;36.1994957833758;6;357
2143;40.1642705633832;1;358
2144;40.1642705633832;2;358
2145;0.839173858770351;3;358
2146;8.1059775789511;4;358
2147;0.260801990304675;5;358
2148;39.7521870461271;6;358
2149;40.0871010825255;1;359
2150;40.0871010825255;2;359
2151;0.641366309922741;3;359
2152;7.20432415874642;4;359
2153;0.275000072043248;5;359
2154;20.2513383969651;6;359
2155;44.1757022066684;1;360
2156;44.1757022066684;2;360
2157;0.661924499285224;3;360
2158;9.6756614525791;4;360
2159;0.0218987320883856;5;360
2160;23.4797344250073;6;360
2161;43.6175405255159;1;361
2162;43.6175405255159;2;361
2163;0.708081403995429;3;361
2164;10.1394598069555;4;361
2165;0.0815966312562427;5;361
2166;30.3034643567325;6;361
2167;44.9397619179915;1;362
2168;44.9397619179915;2;362
2169;0.91216810290281;3;362
2170;8.67508587259398;4;362
2171;0.0909446795293763;5;362
2172;8.40558282018961;6;362
2173;41.5763215465856;1;363
2174;41.5763215465856;2;363
2175;0.60479799542183;3;363
2176;8.70885963626145;4;363
2177;0.315753015265598;5;363
2178;39.134737325735;6;363
2179;44.6097736075152;1;364
2180;44.6097736075152;2;364
2181;0.587366404393436;3;364
2182;8.01892030837569;4;364
2183;0.172082288908609;5;364
2184;21.2823120385008;6;364
2185;43.4087066119165;1;365
2186;43.4087066119165;2;365
2187;0.753940504168964;3;365
2188;8.56311360545692;4;365
2189;0.403498048690812;5;365
2190;15.7669429820651;6;365
2191;40.27520459104;1;366
2192;40.27520459104;2;366
2193;0.654262546693239;3;366
2194;7.35491448355236;4;366
2195;0.217201617892992;5;366
2196;7.94047688470954;6;366
2197;42.9033376501384;1;367
2198;42.9033376501384;2;367
2199;0.686819369876728;3;367
2200;8.00802896776031;4;367
2201;0.390906053168804;5;367
2202;4.58972904138127;6;367
2203;42.1731715795162;1;368
2204;42.1731715795162;2;368
2205;0.702938803457802;3;368
2206;10.427958544277;4;368
2207;0.13382103369562;5;368
2208;40.4201940229312;6;368
2209;42.2423280870911;1;369
2210;42.2423280870911;2;369
2211;0.54666201916857;3;369
2212;8.35746778710345;4;369
2213;0.26042380886855;5;369
2214;5.59700946802431;6;369
2215;43.8744692446118;1;370
2216;43.8744692446118;2;370
2217;0.585257319016929;3;370
2218;9.74435070917823;4;370
2219;0.248212955996371;5;370
2220;27.0574962474963;6;370
2221;41.8236518732493;1;371
2222;41.8236518732493;2;371
2223;0.607528323205837;3;371
2224;8.07209985488738;4;371
2225;0.0122835179786367;5;371
2226;5.89841730766014;6;371
2227;43.3886889928613;1;372
2228;43.3886889928613;2;372
2229;0.983203905387168;3;372
2230;10.8725288614311;4;372
2231;0.033400630600835;5;372
2232;22.2306290029289;6;372
2233;40.2763676505231;1;373
2234;40.2763676505231;2;373
2235;0.756828076773499;3;373
2236;7.75644488052325;4;373
2237;0.347714586263966;5;373
2238;27.2700499916952;6;373
2239;44.1357641681517;1;374
2240;44.1357641681517;2;374
2241;0.739211096312821;3;374
2242;8.43142668359077;4;374
2243;0.237575565187637;5;374
2244;41.4871808987635;6;374
2245;40.3525913274955;1;375
2246;40.3525913274955;2;375
2247;0.608279759791855;3;375
2248;10.6381791854764;4;375
2249;0.316037970377534;5;375
2250;23.0085936321912;6;375
2251;44.5322565052676;1;376
2252;44.5322565052676;2;376
2253;0.516232088211271;3;376
2254;10.6032177718577;4;376
2255;0.371748136289017;5;376
2256;7.33193488670882;6;376
2257;42.6583671549734;1;377
2258;42.6583671549734;2;377
2259;0.846969616874646;3;377
2260;9.05641998353416;4;377
2261;0.261916399843923;5;377
2262;19.0113809164213;6;377
2263;44.3506609864093;1;378
2264;44.3506609864093;2;378
2265;0.892347152976438;3;378
2266;7.90941072192284;4;378
2267;0.371577651504964;5;378
2268;22.3516681484097;6;378
2269;41.6138542352037;1;379
2270;41.6138542352037;2;379
2271;0.909797420467447;3;379
2272;10.3533352686682;4;379
2273;0.0260791896009737;5;379
2274;7.09200598081337;6;379
2275;41.4555723403781;1;380
2276;41.4555723403781;2;380
2277;0.505873982678405;3;380
2278;9.65213964646617;4;380
2279;0.353115804895735;5;380
2280;34.2732313761578;6;380
2281;40.6830943463805;1;381
2282;40.6830943463805;2;381
2283;0.818277712874204;3;381
2284;7.07788764001985;4;381
2285;0.314831308144134;5;381
2286;2.92106111417159;6;381
2287;44.2674036430548;1;382
2288;44.2674036430548;2;382
2289;0.682705747190431;3;382
2290;9.83458626960914;4;382
2291;0.20307956804881;5;382
2292;23.4726961208097;6;382
2293;41.7072306152619;1;383
2294;41.7072306152619;2;383
2295;0.51754931082986;3;383
2296;10.7212043262463;4;383
2297;0.301791324868063;5;383
2298;36.9155688577705;6;383
2299;42.919615930455;1;384
2300;42.919615930455;2;384
2301;0.79435855973349;3;384
2302;7.2195716839824;4;384
2303;0.139548111427467;5;384
2304;39.6540326612259;6;384
2305;41.280286445017;1;385
2306;41.280286445017;2;385
2307;0.524475395041521;3;385
2308;10.9084848712207;4;385
2309;0.223263574248915;5;385
2310;8.46307876606635;6;385
2311;40.3579600322289;1;386
2312;40.3579600322289;2;386
2313;0.658792276642762;3;386
2314;9.42571183153946;4;386
2315;0.162550349091697;5;386
2316;6.80046682546641;6;386
2317;42.8173076775613;1;387
2318;42.8173076775613;2;387
2319;0.754119862064953;3;387
2320;7.78846433094636;4;387
2321;0.0342671383159163;5;387
2322;31.1996220440213;6;387
2323;42.5003054879493;1;388
2324;42.5003054879493;2;388
2325;0.887250736475346;3;388
2326;7.00380360430009;4;388
2327;0.38284802183005;5;388
2328;27.81840203298;6;388
2329;42.7225567683586;1;389
2330;42.7225567683586;2;389
2331;0.704965641040555;3;389
2332;8.68877422049241;4;389
2333;0.149263613011046;5;389
2334;36.9532738592845;6;389
2335;40.4283068676;1;390
2336;40.4283068676;2;390
2337;0.881783664071146;3;390
2338;10.978859984576;4;390
2339;0.092373626434242;5;390
2340;29.7597547793973;6;390
2341;40.1941478491716;1;391
2342;40.1941478491716;2;391
2343;0.812772032389476;3;391
2344;7.44828710508763;4;391
2345;0.476767974587019;5;391
2346;28.3732009603235;6;391
2347;43.2606692118477;1;392
2348;43.2606692118477;2;392
2349;0.857750570213086;3;392
2350;7.15324795816274;4;392
2351;0.490112073426671;5;392
2352;23.9433040583936;6;392
2353;41.8522960288381;1;393
2354;41.8522960288381;2;393
2355;0.561751455968232;3;393
2356;7.51115946298185;4;393
2357;0.079213852521054;5;393
2358;7.0275689768973;6;393
2359;40.414858358973;1;394
2360;40.414858358973;2;394
2361;0.996675057168006;3;394
2362;10.2931255388895;4;394
2363;0.163295309535089;5;394
2364;35.4951022120084;6;394
2365;40.8542047888855;1;395
2366;40.8542047888855;2;395
2367;0.835836078637574;3;395
2368;8.78905431977869;4;395
2369;0.107573487240586;5;395
2370;26.1722800859565;6;395
2371;42.9293246146457;1;396
2372;42.9293246146457;2;396
2373;0.533313971398669;3;396
2374;8.96649765390451;4;396
2375;0.495585513328387;5;396
2376;27.8463560531053;6;396
2377;40.5824894540101;1;397
2378;40.5824894540101;2;397
2379;0.906476930904024;3;397
2380;7.80946356611595;4;397
2381;0.253234207159061;5;397
2382;11.9181815151027;6;397
2383;40.4962949437811;1;398
2384;40.4962949437811;2;398
2385;0.617673500740206;3;398
2386;10.1862612488713;4;398
2387;0.307339183951423;5;398
2388;37.451480994066;6;398
2389;41.6104151985352;1;399
2390;41.6104151985352;2;399
2391;0.978932037888845;3;399
2392;7.5990807233622;4;399
2393;0.478781849585683;5;399
2394;12.9721915950562;6;399
2395;30.5937593312549;1;400
2396;30.5937593312549;2;400
2397;1.78772622584758;3;400
2398;0.56194436327641;4;400
2399;0.869608001130356;5;400
2400;15.1762388475041;6;400
2401;19.4944272779192;1;401
2402;19.4944272779192;2;401
2403;7.09013075600277;3;401
2404;0.308338280223081;4;401
2405;0.418691841691561;5;401
2406;0.757496761232611;6;401
2407;32.4073904016004;1;402
2408;32.4073904016004;2;402
2409;11.4562444390219;3;402
2410;2.30887928213021;4;402
2411;0.159924360635761;5;402
2412;29.6927802522745;6;402
2413;23.9837388660854;1;403
2414;23.9837388660854;2;403
2415;7.57808953089319;3;403
2416;3.83238890047449;4;403
2417;0.059693544744481;5;403
2418;23.9028897863523;6;403
2419;36.898996012775;1;404
2420;36.898996012775;2;404
2421;4.53172558905571;3;404
2422;7.59838822227383;4;404
2423;0.597515284930928;5;404
2424;10.7824600813639;6;404
2425;14.0733219586563;1;405
2426;14.0733219586563;2;405
2427;5.12561189079137;3;405
2428;3.62754688625329;4;405
2429;0.202288214026395;5;405
2430;6.18364837652908;6;405
2431;39.4070341210099;1;406
2432;39.4070341210099;2;406
2433;1.31455399617867;3;406
2434;6.5088193711234;4;406
2435;0.596006418511697;5;406
2436;32.1814326528443;6;406
2437;22.6713661664645;1;407
2438;22.6713661664645;2;407
2439;5.21057275053509;3;407
2440;5.14348579397984;4;407
2441;0.867554278345385;5;407
2442;15.0418102351513;6;407
2443;30.4935896172825;1;408
2444;30.4935896172825;2;408
2445;7.56556340403463;3;408
2446;0.494811287924312;4;408
2447;0.878443861328604;5;408
2448;3.51408543354401;6;408
2449;12.975203895882;1;409
2450;12.975203895882;2;409
2451;2.00429202743297;3;409
2452;1.08935594814526;4;409
2453;0.671472569804015;5;409
2454;4.18561969720977;6;409
2455;34.247792485404;1;410
2456;34.247792485404;2;410
2457;7.63647612546215;3;410
2458;5.17998058097031;4;410
2459;0.89703284902631;5;410
2460;12.2209884195263;6;410
2461;27.628548509916;1;411
2462;27.628548509916;2;411
2463;1.53202701346136;3;411
2464;7.08513004436952;4;411
2465;0.442613004480956;5;411
2466;10.8946642441726;6;411
2467;31.5999340685776;1;412
2468;31.5999340685776;2;412
2469;11.20483790511;3;412
2470;4.28334194234186;4;412
2471;0.934774359329913;5;412
2472;29.2757661239574;6;412
2473;38.7217644886235;1;413
2474;38.7217644886235;2;413
2475;7.69769822440227;3;413
2476;0.177015566804306;4;413
2477;0.700287762159166;5;413
2478;8.20790440611175;6;413
2479;10.8272342934514;1;414
2480;10.8272342934514;2;414
2481;0.194524828541502;3;414
2482;5.76039025536551;4;414
2483;0.0179078926326545;5;414
2484;4.43562901889269;6;414
2485;15.1889836813224;1;415
2486;15.1889836813224;2;415
2487;1.4837068940709;3;415
2488;6.19592931065576;4;415
2489;0.0877623674652246;5;415
2490;2.76502176877856;6;415
2491;35.6628723615594;1;416
2492;35.6628723615594;2;416
2493;11.5601207978919;3;416
2494;1.58792888071706;4;416
2495;0.719873579234106;5;416
2496;34.1716659402702;6;416
2497;20.2840911011147;1;417
2498;20.2840911011147;2;417
2499;3.74233300824653;3;417
2500;6.39832288907379;4;417
2501;0.502707772973718;5;417
2502;15.8304659040816;6;417
2503;20.8796003232341;1;418
2504;20.8796003232341;2;418
2505;1.57285048663937;3;418
2506;6.62989208582295;4;418
2507;0.457991453590766;5;418
2508;18.6105423811412;6;418
2509;11.5655276050414;1;419
2510;11.5655276050414;2;419
2511;7.86275480423788;3;419
2512;2.59166682331576;4;419
2513;0.232834278556755;5;419
2514;8.05605404938774;6;419
2515;25.3823502729445;1;420
2516;25.3823502729445;2;420
2517;9.94591305367607;3;420
2518;4.32412635707331;4;420
2519;0.449681222583038;5;420
2520;2.97123952871439;6;420
2521;27.5160164282395;1;421
2522;27.5160164282395;2;421
2523;4.5489182207586;3;421
2524;3.43695357896322;4;421
2525;0.783385839146652;5;421
2526;7.15739124609994;6;421
2527;14.1560109450431;1;422
2528;14.1560109450431;2;422
2529;5.65504366387529;3;422
2530;7.87720523711507;4;422
2531;0.508987166668078;5;422
2532;9.43843719247003;6;422
2533;30.7168864027536;1;423
2534;30.7168864027536;2;423
2535;2.60310207378302;3;423
2536;2.93526692195195;4;423
2537;0.301879589508788;5;423
2538;11.2728247814473;6;423
2539;30.4555159203502;1;424
2540;30.4555159203502;2;424
2541;5.98679995008503;3;424
2542;3.8537673262187;4;424
2543;0.0121891730016314;5;424
2544;21.2190626350399;6;424
2545;23.4623153430886;1;425
2546;23.4623153430886;2;425
2547;11.9219093450071;3;425
2548;1.44007373089535;4;425
2549;0.363517682908641;5;425
2550;19.9828561832924;6;425
2551;37.8501175664225;1;426
2552;37.8501175664225;2;426
2553;11.2100582808766;3;426
2554;7.689749708191;4;426
2555;0.78786818977304;5;426
2556;30.3518510047236;6;426
2557;19.0796529347989;1;427
2558;19.0796529347989;2;427
2559;9.91444766000335;3;427
2560;1.6850069840678;4;427
2561;0.394647920330143;5;427
2562;18.2102727822592;6;427
2563;35.2606082720245;1;428
2564;35.2606082720245;2;428
2565;3.29193562077015;3;428
2566;2.0165372757275;4;428
2567;0.200314871792929;5;428
2568;6.64357629439078;6;428
2569;23.9883573043321;1;429
2570;23.9883573043321;2;429
2571;0.54305476569427;3;429
2572;2.01452095273551;4;429
2573;0.844331254075696;5;429
2574;13.8573642473198;6;429
2575;18.7071182429626;1;430
2576;18.7071182429626;2;430
2577;3.96879592186103;3;430
2578;3.89787438348029;4;430
2579;0.991201718224917;5;430
2580;4.98467383795516;6;430
2581;21.4342167439706;1;431
2582;21.4342167439706;2;431
2583;11.1975301384655;3;431
2584;5.3486606739291;4;431
2585;0.33386402754065;5;431
2586;18.4865282702998;6;431
2587;24.5813963247396;1;432
2588;24.5813963247396;2;432
2589;4.83520449756395;3;432
2590;0.957755994175127;4;432
2591;0.636347144869556;5;432
2592;19.0635391166844;6;432
2593;14.0566794247165;1;433
2594;14.0566794247165;2;433
2595;8.65763303695114;3;433
2596;3.07548429738002;4;433
2597;0.331972837543423;5;433
2598;10.6597364500489;6;433
2599;10.2494794285859;1;434
2600;10.2494794285859;2;434
2601;4.61501040211719;3;434
2602;6.22086229093356;4;434
2603;0.423928323582362;5;434
2604;5.78122322917453;6;434
2605;39.7584618639382;1;435
2606;39.7584618639382;2;435
2607;5.04299517291181;3;435
2608;1.09730295633982;4;435
2609;0.936988227727998;5;435
2610;10.4375877004827;6;435
2611;15.399025197688;1;436
2612;15.399025197688;2;436
2613;5.75681853610984;3;436
2614;2.66398604309831;4;436
2615;0.0921274269555418;5;436
2616;1.50404050019157;6;436
2617;11.2443910106202;1;437
2618;11.2443910106202;2;437
2619;3.48404576190317;3;437
2620;7.60584919026566;4;437
2621;0.0137655681496996;5;437
2622;8.51873127374719;6;437
2623;16.7374327574358;1;438
2624;16.7374327574358;2;438
2625;1.97276021416526;3;438
2626;3.2891446812888;4;438
2627;0.715499296905275;5;438
2628;0.43587378735916;6;438
2629;14.6817138009867;1;439
2630;14.6817138009867;2;439
2631;8.28763119645564;3;439
2632;4.72849244892966;4;439
2633;0.592253432746212;5;439
2634;10.3049118397765;6;439
2635;31.4637645346332;1;440
2636;31.4637645346332;2;440
2637;8.7576035295672;3;440
2638;1.18949042564999;4;440
2639;0.886165215828986;5;440
2640;15.4842218311785;6;440
2641;38.4059539846801;1;441
2642;38.4059539846801;2;441
2643;1.84132974077061;3;441
2644;2.35096167494421;4;441
2645;0.803505390159711;5;441
2646;26.4204332900598;6;441
2647;27.3800295170051;1;442
2648;27.3800295170051;2;442
2649;7.09366175032508;3;442
2650;2.79697092310453;4;442
2651;0.87529203514595;5;442
2652;16.9483675787228;6;442
2653;21.1648793731967;1;443
2654;21.1648793731967;2;443
2655;4.32597148539895;3;443
2656;2.23529806841046;4;443
2657;0.0534390971032856;5;443
2658;13.3147096005272;6;443
2659;29.2318610305847;1;444
2660;29.2318610305847;2;444
2661;9.73076689667843;3;444
2662;7.48580913805265;4;444
2663;0.0442639463822461;5;444
2664;7.13689071758815;6;444
2665;16.476438622885;1;445
2666;16.476438622885;2;445
2667;4.38257715310834;3;445
2668;2.10472073667899;4;445
2669;0.074428204720398;5;445
2670;5.58399454076002;6;445
2671;24.7730343443773;1;446
2672;24.7730343443773;2;446
2673;9.58336792004615;3;446
2674;1.6054127579618;4;446
2675;0.0685555742007029;5;446
2676;9.51330230156498;6;446
2677;11.4942327989375;1;447
2678;11.4942327989375;2;447
2679;3.21190456599055;3;447
2680;7.53745887341528;4;447
2681;0.771900542513561;5;447
2682;4.67029284476654;6;447
2683;23.435447535385;1;448
2684;23.435447535385;2;448
2685;10.1734834139923;3;448
2686;3.09505078047341;4;448
2687;0.653497218272517;5;448
2688;5.32975716551365;6;448
2689;15.3697417176376;1;449
2690;15.3697417176376;2;449
2691;5.00097622133818;3;449
2692;7.00138928238781;4;449
2693;0.230820620746049;5;449
2694;10.4167834807672;6;449
2695;21.4532858629514;1;450
2696;21.4532858629514;2;450
2697;6.61850956565121;3;450
2698;3.1461982261714;4;450
2699;0.753633744699349;5;450
2700;12.1479940511478;6;450
2701;31.9193697789711;1;451
2702;31.9193697789711;2;451
2703;3.39063120866875;3;451
2704;1.86345200892407;4;451
2705;0.935316053990212;5;451
2706;17.3706488492759;6;451
2707;15.7816095079855;1;452
2708;15.7816095079855;2;452
2709;2.788099928713;3;452
2710;5.77293805263307;4;452
2711;0.254232272478314;5;452
2712;13.3137443978621;6;452
2713;27.2806855893417;1;453
2714;27.2806855893417;2;453
2715;10.9714965723596;3;453
2716;1.18699945327313;4;453
2717;0.451552017422078;5;453
2718;7.84797101566726;6;453
2719;21.7453382270204;1;454
2720;21.7453382270204;2;454
2721;6.90788690191624;3;454
2722;7.68963674313341;4;454
2723;0.562115027320922;5;454
2724;20.102338159954;6;454
2725;12.6982496313706;1;455
2726;12.6982496313706;2;455
2727;10.6968709210955;3;455
2728;5.57383747326622;4;455
2729;0.692487577763306;5;455
2730;1.56660322942789;6;455
2731;30.4756008463754;1;456
2732;30.4756008463754;2;456
2733;0.447268297021254;3;456
2734;6.37719499799218;4;456
2735;0.555885142499854;5;456
2736;21.077496131973;6;456
2737;28.7011032394919;1;457
2738;28.7011032394919;2;457
2739;7.11452494697687;3;457
2740;5.11348510797755;4;457
2741;0.971151730095736;5;457
2742;27.280708059164;6;457
2743;14.1123605389586;1;458
2744;14.1123605389586;2;458
2745;4.19579453766991;3;458
2746;7.73811255104445;4;458
2747;0.410125909596446;5;458
2748;11.1891639296626;6;458
2749;36.1686423021892;1;459
2750;36.1686423021892;2;459
2751;11.0023852304776;3;459
2752;7.24636939119499;4;459
2753;0.0305170654094912;5;459
2754;33.1805960542115;6;459
2755;27.5487311466748;1;460
2756;27.5487311466748;2;460
2757;8.13051308332382;3;460
2758;0.726433232443314;4;460
2759;0.190537314805309;5;460
2760;7.29898321019406;6;460
2761;27.2580514229463;1;461
2762;27.2580514229463;2;461
2763;8.94468971639374;3;461
2764;0.111890685659589;4;461
2765;0.823789200299898;5;461
2766;12.4745632212937;6;461
2767;34.2632541771299;1;462
2768;34.2632541771299;2;462
2769;4.63722165304654;3;462
2770;1.11865756954651;4;462
2771;0.651527968806311;5;462
2772;30.2845918333474;6;462
2773;32.5948198646487;1;463
2774;32.5948198646487;2;463
2775;6.38135952337027;3;463
2776;7.19433041436468;4;463
2777;0.416161454198859;5;463
2778;2.91249233438344;6;463
2779;30.8963646110438;1;464
2780;30.8963646110438;2;464
2781;9.27460674226093;3;464
2782;2.80024734907548;4;464
2783;0.894211768315949;5;464
2784;22.6666994227876;6;464
2785;10.5047774478605;1;465
2786;10.5047774478605;2;465
2787;11.7445643740427;3;465
2788;7.93390681026685;4;465
2789;0.667600270179156;5;465
2790;8.41373640672531;6;465
2791;27.4732228897311;1;466
2792;27.4732228897311;2;466
2793;6.66240013258511;3;466
2794;5.63395682390913;4;466
2795;0.359300465975325;5;466
2796;4.63675046933303;6;466
2797;24.5116555975301;1;467
2798;24.5116555975301;2;467
2799;8.8920673310086;3;467
2800;4.01892166385023;4;467
2801;0.992424896918971;5;467
2802;0.626288756364709;6;467
2803;16.3931240717822;1;468
2804;16.3931240717822;2;468
2805;2.1728558359104;3;468
2806;7.77795624390983;4;468
2807;0.462805651281104;5;468
2808;3.69688880269444;6;468
2809;29.9811379648222;1;469
2810;29.9811379648222;2;469
2811;10.9902620407859;3;469
2812;1.03729909524326;4;469
2813;0.848899377793548;5;469
2814;26.4347834765536;6;469
2815;27.4627095693796;1;470
2816;27.4627095693796;2;470
2817;3.6182014161468;3;470
2818;6.80195775492278;4;470
2819;0.0612858847843206;5;470
2820;10.6340702305222;6;470
2821;16.623194573029;1;471
2822;16.623194573029;2;471
2823;5.50707902458289;3;471
2824;5.74266144437493;4;471
2825;0.366053526224326;5;471
2826;8.53114047058127;6;471
2827;19.870949933805;1;472
2828;19.870949933805;2;472
2829;6.70298051925085;3;472
2830;1.61622907801489;4;472
2831;0.658876916692238;5;472
2832;5.46632474829512;6;472
2833;27.4783554989537;1;473
2834;27.4783554989537;2;473
2835;7.07183157110657;3;473
2836;2.24714707439268;4;473
2837;0.296395844640546;5;473
2838;19.8420212083355;6;473
2839;38.5835652999714;1;474
2840;38.5835652999714;2;474
2841;1.9143705890306;3;474
2842;0.800160616190821;4;474
2843;0.00562163135426075;5;474
2844;15.3466348864158;6;474
2845;18.7338997618936;1;475
2846;18.7338997618936;2;475
2847;8.14263206393069;3;475
2848;5.08477663684419;4;475
2849;0.891560137339079;5;475
2850;9.55343839868829;6;475
2851;26.2457229381538;1;476
2852;26.2457229381538;2;476
2853;4.11817787704196;3;476
2854;6.60981211307105;4;476
2855;0.444575387063103;5;476
2856;2.15101287641612;6;476
2857;28.3819172142117;1;477
2858;28.3819172142117;2;477
2859;2.42595708115488;3;477
2860;3.37265605708665;4;477
2861;0.353530826046003;5;477
2862;9.24044054289318;6;477
2863;14.8383777204654;1;478
2864;14.8383777204654;2;478
2865;0.0571585342961192;3;478
2866;0.762851480527396;4;478
2867;0.880327240624261;5;478
2868;13.8842499455946;6;478
2869;39.6680168490537;1;479
2870;39.6680168490537;2;479
2871;11.746875024512;3;479
2872;6.34439079148902;4;479
2873;0.659150382705624;5;479
2874;36.710061186572;6;479
2875;28.8249712898772;1;480
2876;28.8249712898772;2;480
2877;8.55057992755038;3;480
2878;5.43649701578889;4;480
2879;0.165528587503517;5;480
2880;19.3234490907952;6;480
2881;24.5872183602448;1;481
2882;24.5872183602448;2;481
2883;2.70458265771388;3;481
2884;0.445348685705276;4;481
2885;0.687856118970865;5;481
2886;15.0708633913238;6;481
2887;15.9304197792016;1;482
2888;15.9304197792016;2;482
2889;10.2343391523039;3;482
2890;2.84061279545248;4;482
2891;0.0746244040613062;5;482
2892;5.12531418028914;6;482
2893;32.9816360780799;1;483
2894;32.9816360780799;2;483
2895;11.2453469380493;3;483
2896;5.36656576768353;4;483
2897;0.866538284561475;5;483
2898;3.57293187930675;6;483
2899;30.9901285338595;1;484
2900;30.9901285338595;2;484
2901;3.71060089150127;3;484
2902;7.37883352739403;4;484
2903;0.934308079638183;5;484
2904;30.9494217660182;6;484
2905;39.1441891036436;1;485
2906;39.1441891036436;2;485
2907;2.37330176834672;3;485
2908;7.26584337368241;4;485
2909;0.886022218118981;5;485
2910;12.6094669600298;6;485
2911;39.3024252884755;1;486
2912;39.3024252884755;2;486
2913;5.60019866301063;3;486
2914;1.75716881652732;4;486
2915;0.143630119171196;5;486
2916;3.35459708660918;6;486
2917;22.5988169816978;1;487
2918;22.5988169816978;2;487
2919;11.0230825893175;3;487
2920;7.35857563402673;4;487
2921;0.100294396757949;5;487
2922;2.19407698481137;6;487
2923;38.7315601906863;1;488
2924;38.7315601906863;2;488
2925;9.34999836121846;3;488
2926;7.49994583212343;4;488
2927;0.317907654758753;5;488
2928;23.714596906588;6;488
2929;28.372387953156;1;489
2930;28.372387953156;2;489
2931;1.88945699296528;3;489
2932;5.7258564621675;4;489
2933;0.925983094352923;5;489
2934;7.11292753869519;6;489
2935;14.0131362301547;1;490
2936;14.0131362301547;2;490
2937;10.268157358539;3;490
2938;2.50103049378466;4;490
2939;0.787287964672238;5;490
2940;4.1632089585523;6;490
2941;34.1288231122787;1;491
2942;34.1288231122787;2;491
2943;8.76583183271264;3;491
2944;3.19644571576409;4;491
2945;0.490854113219346;5;491
2946;3.93103485387768;6;491
2947;29.5206841166881;1;492
2948;29.5206841166881;2;492
2949;4.59022171055838;3;492
2950;4.07708934493609;4;492
2951;0.0735477384324182;5;492
2952;3.78611003088209;6;492
2953;31.2456005107396;1;493
2954;31.2456005107396;2;493
2955;7.92467412295308;3;493
2956;0.852072719321543;4;493
2957;0.605570744101785;5;493
2958;19.0989553366458;6;493
2959;20.2267866035706;1;494
2960;20.2267866035706;2;494
2961;0.942735268174669;3;494
2962;6.14204030093985;4;494
2963;0.0737048931466615;5;494
2964;12.1894187358163;6;494
2965;24.6143685114708;1;495
2966;24.6143685114708;2;495
2967;2.49698899884985;3;495
2968;0.744301925685274;4;495
2969;0.552765532706496;5;495
2970;0.257267125678735;6;495
2971;23.1875888474505;1;496
2972;23.1875888474505;2;496
2973;1.94197194320829;3;496
2974;6.71228157634874;4;496
2975;0.580037568200987;5;496
2976;20.0951607870051;6;496
2977;33.8523879893446;1;497
2978;33.8523879893446;2;497
2979;0.885967878520831;3;497
2980;1.4834495746981;4;497
2981;0.199212374249708;5;497
2982;24.3059224339974;6;497
2983;34.1437447801248;1;498
2984;34.1437447801248;2;498
2985;2.79834301029924;3;498
2986;3.82288544123722;4;498
2987;0.192978371384053;5;498
2988;13.0147017573033;6;498
2989;22.6939735928589;1;499
2990;22.6939735928589;2;499
2991;6.75192513971408;3;499
2992;6.63415023983314;4;499
2993;0.205149721970808;5;499
2994;14.9285290143098;6;499
2995;15.6423235786154;1;500
2996;15.6423235786154;2;500
2997;3.85245275762686;3;500
2998;0.145778722628708;4;500
2999;0.0177224813454182;5;500
3000;3.39314051561023;6;500
3001;14.4390359557958;1;501
3002;14.4390359557958;2;501
3003;9.28518874924743;3;501
3004;0.767697258568884;4;501
3005;0.213781146839769;5;501
3006;1.74153619433932;6;501
3007;31.6519936757603;1;502
3008;31.6519936757603;2;502
3009;1.38869415199714;3;502
3010;4.38843450338852;4;502
3011;0.874796703781116;5;502
3012;17.8132321578267;6;502
3013;24.0431434192357;1;503
3014;24.0431434192357;2;503
3015;4.14979756885252;3;503
3016;7.87384048904161;4;503
3017;0.46124417032766;5;503
3018;11.3030572723433;6;503
3019;34.807290930748;1;504
3020;34.807290930748;2;504
3021;0.166294651853545;3;504
3022;5.48326718446902;4;504
3023;0.812747995173164;5;504
3024;2.17514018079265;6;504
3025;11.2319762474349;1;505
3026;11.2319762474349;2;505
3027;10.0832104797536;3;505
3028;0.0877473592457259;4;505
3029;0.947611601861999;5;505
3030;10.4164543106787;6;505
3031;13.9083248091475;1;506
3032;13.9083248091475;2;506
3033;10.1160547706104;3;506
3034;0.147281567441212;4;506
3035;0.803121933057656;5;506
3036;1.54201121867406;6;506
3037;32.2337617514491;1;507
3038;32.2337617514491;2;507
3039;6.46995552382575;3;507
3040;3.68429915632444;4;507
3041;0.938679627413549;5;507
3042;17.0826272054786;6;507
3043;20.6547914447275;1;508
3044;20.6547914447275;2;508
3045;0.946882184229223;3;508
3046;2.10686594504602;4;508
3047;0.818946246712939;5;508
3048;16.0765303132629;6;508
3049;38.4775427555588;1;509
3050;38.4775427555588;2;509
3051;9.64962536168944;3;509
3052;0.413432547045035;4;509
3053;0.844619265861265;5;509
3054;5.82914449799032;6;509
3055;14.8026001840328;1;510
3056;14.8026001840328;2;510
3057;11.1447257837025;3;510
3058;2.75398171500805;4;510
3059;0.59472818613173;5;510
3060;12.111001438543;6;510
3061;11.5325033285378;1;511
3062;11.5325033285378;2;511
3063;11.3684386285438;3;511
3064;1.88031157985572;4;511
3065;0.510458313919831;5;511
3066;10.6007141101051;6;511
3067;29.5415982946621;1;512
3068;29.5415982946621;2;512
3069;2.79537223534202;3;512
3070;4.56108942818173;4;512
3071;0.418575600393536;5;512
3072;17.5854287940768;6;512
3073;16.0153200597785;1;513
3074;16.0153200597785;2;513
3075;10.0842783345343;3;513
3076;2.50620329451191;4;513
3077;0.996031139897837;5;513
3078;0.973786208413418;6;513
3079;16.9659409209571;1;514
3080;16.9659409209571;2;514
3081;0.505180894158884;3;514
3082;7.19534162980031;4;514
3083;0.0227367823981104;5;514
3084;16.7255651611278;6;514
3085;11.5511635930122;1;515
3086;11.5511635930122;2;515
3087;2.7950967853157;3;515
3088;7.12659139285305;4;515
3089;0.340486482304675;5;515
3090;1.20789355378554;6;515
3091;39.2084483727082;1;516
3092;39.2084483727082;2;516
3093;7.16786750983205;3;516
3094;2.00664867756113;4;516
3095;0.0999034255184309;5;516
3096;10.947279521992;6;516
3097;14.4293865995316;1;517
3098;14.4293865995316;2;517
3099;6.53613426927038;3;517
3100;3.9389018989668;4;517
3101;0.766457916555773;5;517
3102;11.7769874039379;6;517
3103;15.6452556600878;1;518
3104;15.6452556600878;2;518
3105;0.604086980602032;3;518
3106;2.51214881010197;4;518
3107;0.349266653949442;5;518
3108;13.8208493398021;6;518
3109;32.2082775373311;1;519
3110;32.2082775373311;2;519
3111;5.71904390958258;3;519
3112;7.47817874111083;4;519
3113;0.717310710469604;5;519
3114;18.0023509472252;6;519
3115;25.4114611670583;1;520
3116;25.4114611670583;2;520
3117;8.96316607789785;3;520
3118;3.87998918122721;4;520
3119;0.116044581278796;5;520
3120;11.7076412532856;6;520
3121;37.9151316478497;1;521
3122;37.9151316478497;2;521
3123;2.94588498401506;3;521
3124;7.25108589740243;4;521
3125;0.98346921416075;5;521
3126;33.4790613629789;6;521
3127;12.5124385823596;1;522
3128;12.5124385823596;2;522
3129;1.29155031674926;3;522
3130;2.75612648484826;4;522
3131;0.645146499331315;5;522
3132;10.6430176045937;6;522
3133;22.5593801594854;1;523
3134;22.5593801594854;2;523
3135;3.83339508643271;3;523
3136;6.97613411737353;4;523
3137;0.214545576972327;5;523
3138;10.8265093003025;6;523
3139;17.7381617228969;1;524
3140;17.7381617228969;2;524
3141;1.61072869101795;3;524
3142;3.21985716433689;4;524
3143;0.524295701728814;5;524
3144;14.1587662375909;6;524
3145;22.0096713644616;1;525
3146;22.0096713644616;2;525
3147;10.4631844033272;3;525
3148;1.95058360102371;4;525
3149;0.226081234605121;5;525
3150;20.9236693684716;6;525
3151;25.4351779176611;1;526
3152;25.4351779176611;2;526
3153;2.67902310110525;3;526
3154;7.81650309474653;4;526
3155;0.715356378950988;5;526
3156;2.58235687886285;6;526
3157;38.7821602487392;1;527
3158;38.7821602487392;2;527
3159;10.8808210326121;3;527
3160;4.3528959109927;4;527
3161;0.454687610042142;5;527
3162;37.2397692361866;6;527
3163;31.4527442714904;1;528
3164;31.4527442714904;2;528
3165;10.1387131409162;3;528
3166;3.47147733359421;4;528
3167;0.593347361107012;5;528
3168;29.3844474673814;6;528
3169;27.4280814511697;1;529
3170;27.4280814511697;2;529
3171;0.848747949942842;3;529
3172;5.12300842964341;4;529
3173;0.365308356883675;5;529
3174;17.8748131528395;6;529
3175;20.009320868853;1;530
3176;20.009320868853;2;530
3177;0.515442709149336;3;530
3178;6.94945311122877;4;530
3179;0.151136018133368;5;530
3180;8.82013202671429;6;530
3181;37.4402412378151;1;531
3182;37.4402412378151;2;531
3183;8.59717036141575;3;531
3184;3.22653937837627;4;531
3185;0.208004032252198;5;531
3186;4.08395959016858;6;531
3187;36.5286767869499;1;532
3188;36.5286767869499;2;532
3189;2.90659364559093;3;532
3190;1.28145880126223;4;532
3191;0.927692668972462;5;532
3192;18.1749194402426;6;532
3193;11.8723808819536;1;533
3194;11.8723808819536;2;533
3195;5.52517398947755;3;533
3196;5.8617389624392;4;533
3197;0.163096910549184;5;533
3198;9.30411223001168;6;533
3199;39.4899803585033;1;534
3200;39.4899803585033;2;534
3201;4.31093463916532;3;534
3202;3.79584794843704;4;534
3203;0.477030655419986;5;534
3204;24.8126003475972;6;534
3205;23.2547792111223;1;535
3206;23.2547792111223;2;535
3207;0.455606403373804;3;535
3208;2.98873021654814;4;535
3209;0.193418471161795;5;535
3210;15.6165620819724;6;535
3211;34.9962760817215;1;536
3212;34.9962760817215;2;536
3213;8.9231410488401;3;536
3214;1.88351261205223;4;536
3215;0.230801295179268;5;536
3216;20.5610970033091;6;536
3217;10.5584995563448;1;537
3218;10.5584995563448;2;537
3219;0.276084657878167;3;537
3220;2.72880985009338;4;537
3221;0.773637840712176;5;537
3222;1.96734624524504;6;537
3223;38.8146907379115;1;538
3224;38.8146907379115;2;538
3225;9.10025179493728;3;538
3226;1.49616330864868;4;538
3227;0.561766993884677;5;538
3228;9.25531643053519;6;538
3229;30.2750699465129;1;539
3230;30.2750699465129;2;539
3231;2.92264666371154;3;539
3232;5.4149837224158;4;539
3233;0.664426173237915;5;539
3234;9.24983974201022;6;539
3235;14.5055944470766;1;540
3236;14.5055944470766;2;540
3237;10.6469145207295;3;540
3238;4.38524785778517;4;540
3239;0.592523182850816;5;540
3240;1.71853882882208;6;540
3241;23.2964488361306;1;541
3242;23.2964488361306;2;541
3243;7.90791367236229;3;541
3244;5.84407749585165;4;541
3245;0.433380440936333;5;541
3246;3.74910860009773;6;541
3247;12.411037383518;1;542
3248;12.411037383518;2;542
3249;3.30316276955539;3;542
3250;0.0816551053701602;4;542
3251;0.566762091872746;5;542
3252;11.7458880055251;6;542
3253;24.2276114825426;1;543
3254;24.2276114825426;2;543
3255;1.22732909007505;3;543
3256;6.91670527183003;4;543
3257;0.792843806432223;5;543
3258;1.32293671775144;6;543
3259;33.5373418120871;1;544
3260;33.5373418120871;2;544
3261;1.42283393807916;3;544
3262;6.05276611852636;4;544
3263;0.47092663814602;5;544
3264;1.35867616395139;6;544
3265;30.9911320553234;1;545
3266;30.9911320553234;2;545
3267;3.25994965212031;3;545
3268;3.69284236747591;4;545
3269;0.52564758685677;5;545
3270;11.9941570381178;6;545
3271;38.5946600470899;1;546
3272;38.5946600470899;2;546
3273;11.929361986285;3;546
3274;7.97318445278066;4;546
3275;0.517203610096319;5;546
3276;35.9867099151357;6;546
3277;19.2692127782771;1;547
3278;19.2692127782771;2;547
3279;4.53721425317929;3;547
3280;3.37363150871878;4;547
3281;0.998571747231758;5;547
3282;9.29396866989464;6;547
3283;30.7748230157435;1;548
3284;30.7748230157435;2;548
3285;1.85063914033383;3;548
3286;4.82861219931542;4;548
3287;0.871682507174583;5;548
3288;7.99104087579046;6;548
3289;17.3125907918473;1;549
3290;17.3125907918473;2;549
3291;1.27481057608513;3;549
3292;4.33379592995069;4;549
3293;0.347603196311219;5;549
3294;0.498781258945479;6;549
3295;20.5385681944487;1;550
3296;20.5385681944487;2;550
3297;8.58838982688263;3;550
3298;5.30339884201853;4;550
3299;0.872037883793582;5;550
3300;16.3440930229765;6;550
3301;16.3435959909289;1;551
3302;16.3435959909289;2;551
3303;9.10619962226935;3;551
3304;2.46365119224543;4;551
3305;0.0635308178797841;5;551
3306;14.2162542449421;6;551
3307;30.8278168187891;1;552
3308;30.8278168187891;2;552
3309;0.943565656289511;3;552
3310;4.31134947594917;4;552
3311;0.70596224388258;5;552
3312;30.1635935456021;6;552
3313;26.1870032113342;1;553
3314;26.1870032113342;2;553
3315;8.40969766053479;3;553
3316;3.99858566196352;4;553
3317;0.873796613871754;5;553
3318;4.10104810081657;6;553
3319;26.9251575913572;1;554
3320;26.9251575913572;2;554
3321;9.05920752537446;3;554
3322;2.64871750003661;4;554
3323;0.812890270115773;5;554
3324;15.8683952618928;6;554
3325;27.9575575616636;1;555
3326;27.9575575616636;2;555
3327;3.3371933748584;3;555
3328;5.09005604598396;4;555
3329;0.366950804599987;5;555
3330;21.0519124427479;6;555
3331;20.0237612881969;1;556
3332;20.0237612881969;2;556
3333;3.70978137964914;3;556
3334;7.74903173372714;4;556
3335;0.134984878476231;5;556
3336;12.1384599263873;6;556
3337;15.354239815737;1;557
3338;15.354239815737;2;557
3339;10.1196423024751;3;557
3340;4.6650420043813;4;557
3341;0.559755721243797;5;557
3342;11.192025967748;6;557
3343;38.931226186702;1;558
3344;38.931226186702;2;558
3345;11.4981922994832;3;558
3346;5.65336017957654;4;558
3347;0.0621664461725017;5;558
3348;14.5935414920916;6;558
3349;29.181206115995;1;559
3350;29.181206115995;2;559
3351;8.49577615414845;3;559
3352;2.40437312055453;4;559
3353;0.871977802318831;5;559
3354;23.1057583922861;6;559
3355;31.3317265317815;1;560
3356;31.3317265317815;2;560
3357;3.25741927653301;3;560
3358;0.153925036850329;4;560
3359;0.850313027129151;5;560
3360;31.0203841201486;6;560
3361;33.195854748171;1;561
3362;33.195854748171;2;561
3363;6.84548425999842;3;561
3364;1.24943413525371;4;561
3365;0.874652213554768;5;561
3366;28.0175384016019;6;561
3367;34.5360674334749;1;562
3368;34.5360674334749;2;562
3369;9.5239471449758;3;562
3370;2.56055517640803;4;562
3371;0.233397329979906;5;562
3372;1.6590410065558;6;562
3373;11.5268937070928;1;563
3374;11.5268937070928;2;563
3375;11.5187669043715;3;563
3376;7.57691499396763;4;563
3377;0.627931397886613;5;563
3378;10.919169804125;6;563
3379;33.3268638029747;1;564
3380;33.3268638029747;2;564
3381;7.41576787587729;3;564
3382;4.85966182623044;4;564
3383;0.486856075783115;5;564
3384;7.13071357604066;6;564
3385;20.3833113219202;1;565
3386;20.3833113219202;2;565
3387;7.96980587407115;3;565
3388;1.10606294236435;4;565
3389;0.0821481584981938;5;565
3390;13.7725324640807;6;565
3391;37.738953069769;1;566
3392;37.738953069769;2;566
3393;3.41730856745288;3;566
3394;4.90816996754466;4;566
3395;0.293647230170318;5;566
3396;9.01657709696867;6;566
3397;17.1312481038532;1;567
3398;17.1312481038532;2;567
3399;2.23859559268564;3;567
3400;4.01780214100153;4;567
3401;0.725641426795729;5;567
3402;0.754313105224403;6;567
3403;20.9124337828178;1;568
3404;20.9124337828178;2;568
3405;3.48793206865272;3;568
3406;6.86708672853197;4;568
3407;0.756704903154713;5;568
3408;10.033404784042;6;568
3409;35.8322715168038;1;569
3410;35.8322715168038;2;569
3411;11.502654945767;3;569
3412;0.146244770753736;4;569
3413;0.945465120749493;5;569
3414;22.3196368675116;6;569
3415;31.1831038780201;1;570
3416;31.1831038780201;2;570
3417;11.4346209275205;3;570
3418;6.51346501732864;4;570
3419;0.957350049969528;5;570
3420;2.07753951027493;6;570
3421;11.3570252001829;1;571
3422;11.3570252001829;2;571
3423;9.25300996935337;3;571
3424;1.52031353082663;4;571
3425;0.713030800560413;5;571
3426;10.566894480698;6;571
3427;39.8981408505935;1;572
3428;39.8981408505935;2;572
3429;9.12921966273288;3;572
3430;2.04407398535925;4;572
3431;0.225416709928101;5;572
3432;38.8544159217586;6;572
3433;17.7745936422805;1;573
3434;17.7745936422805;2;573
3435;9.74207694070599;3;573
3436;7.44153519119133;4;573
3437;0.432568123564;5;573
3438;4.66972957441889;6;573
3439;18.0848951091335;1;574
3440;18.0848951091335;2;574
3441;10.2972436597649;3;574
3442;4.31309799544732;4;574
3443;0.728422172334117;5;574
3444;6.16998173642824;6;574
3445;10.8975574328572;1;575
3446;10.8975574328572;2;575
3447;5.7009688149637;3;575
3448;4.19204414070863;4;575
3449;0.171284409065656;5;575
3450;8.79619973333485;6;575
3451;34.1166780378875;1;576
3452;34.1166780378875;2;576
3453;5.12589871638014;3;576
3454;4.68386122789216;4;576
3455;0.539779049284462;5;576
3456;18.3894139012775;6;576
3457;28.668704675225;1;577
3458;28.668704675225;2;577
3459;6.31435713545679;3;577
3460;3.17471635270153;4;577
3461;0.992370358010962;5;577
3462;15.1680894669226;6;577
3463;12.0292218169168;1;578
3464;12.0292218169168;2;578
3465;9.85426993956396;3;578
3466;2.57324442340075;4;578
3467;0.291588702967055;5;578
3468;3.15208604503796;6;578
3469;20.9052024155904;1;579
3470;20.9052024155904;2;579
3471;0.284828958490298;3;579
3472;1.56401917607989;4;579
3473;0.548388587575387;5;579
3474;2.44975251490141;6;579
3475;33.4844338192152;1;580
3476;33.4844338192152;2;580
3477;10.0718536520558;3;580
3478;7.08237566429031;4;580
3479;0.509269400037103;5;580
3480;9.80161267673429;6;580
3481;33.5765307210562;1;581
3482;33.5765307210562;2;581
3483;4.16333549625331;3;581
3484;6.81442401934425;4;581
3485;0.771996204817589;5;581
3486;20.3741076120919;6;581
3487;19.6907631102604;1;582
3488;19.6907631102604;2;582
3489;0.885285735759898;3;582
3490;3.08768989409227;4;582
3491;0.417556551808892;5;582
3492;9.45793844503885;6;582
3493;28.7059441916666;1;583
3494;28.7059441916666;2;583
3495;7.58921245923982;3;583
3496;6.82328319454172;4;583
3497;0.563477853190573;5;583
3498;25.4352780004191;6;583
3499;19.5867816862212;1;584
3500;19.5867816862212;2;584
3501;0.0101554224935514;3;584
3502;4.32645075304201;4;584
3503;0.237760552745918;5;584
3504;17.5160353100341;6;584
3505;26.2435739527906;1;585
3506;26.2435739527906;2;585
3507;11.0373265937238;3;585
3508;6.56558195196321;4;585
3509;0.941315176396844;5;585
3510;21.5987089497437;6;585
3511;34.7233885805892;1;586
3512;34.7233885805892;2;586
3513;4.39917888411059;3;586
3514;3.61769439697002;4;586
3515;0.746740031024776;5;586
3516;21.2434171019448;6;586
3517;14.6738771380425;1;587
3518;14.6738771380425;2;587
3519;9.51075736109998;3;587
3520;4.82434821189707;4;587
3521;0.151804766820441;5;587
3522;14.5993984515436;6;587
3523;13.37403126945;1;588
3524;13.37403126945;2;588
3525;1.44111824992214;3;588
3526;4.81954591200696;4;588
3527;0.898325771749544;5;588
3528;11.3918080342808;6;588
3529;25.2386656925823;1;589
3530;25.2386656925823;2;589
3531;6.45707161390481;3;589
3532;1.73943173058731;4;589
3533;0.798842523956796;5;589
3534;5.06332221960204;6;589
3535;29.6280659919053;1;590
3536;29.6280659919053;2;590
3537;3.53442910180942;3;590
3538;7.24978027694632;4;590
3539;0.540204075383278;5;590
3540;14.5378858824862;6;590
3541;26.8288137011227;1;591
3542;26.8288137011227;2;591
3543;1.3531175327464;3;591
3544;7.34239194628406;4;591
3545;0.720253008294675;5;591
3546;26.6978541539952;6;591
3547;11.7188927131756;1;592
3548;11.7188927131756;2;592
3549;4.10983541185802;3;592
3550;5.25427623421597;4;592
3551;0.137765048810379;5;592
3552;8.61812931830968;6;592
3553;16.4603417387042;1;593
3554;16.4603417387042;2;593
3555;3.16420055971288;3;593
3556;0.116194443791118;4;593
3557;0.374001127016078;5;593
3558;3.91542279581426;6;593
3559;19.1988649893087;1;594
3560;19.1988649893087;2;594
3561;11.5788564082175;3;594
3562;6.71142890655274;4;594
3563;0.785001644533502;5;594
3564;11.5311058885324;6;594
3565;38.9654077286836;1;595
3566;38.9654077286836;2;595
3567;4.03300430463508;3;595
3568;4.67255492985451;4;595
3569;0.0309717779626303;5;595
3570;10.3091222816532;6;595
3571;32.7598674186061;1;596
3572;32.7598674186061;2;596
3573;0.708494449616562;3;596
3574;3.24231360973048;4;596
3575;0.263181396117806;5;596
3576;26.5062527284735;6;596
3577;37.4756058757281;1;597
3578;37.4756058757281;2;597
3579;8.78086259369932;3;597
3580;6.26802619445775;4;597
3581;0.655968862025067;5;597
3582;24.4972744625317;6;597
3583;21.9562814571795;1;598
3584;21.9562814571795;2;598
3585;6.51119421135212;3;598
3586;7.13963867244947;4;598
3587;0.135912505232702;5;598
3588;7.45014556805674;6;598
3589;12.0170018243652;1;599
3590;12.0170018243652;2;599
3591;0.530321062353642;3;599
3592;4.46313571175055;4;599
3593;0.605983891795028;5;599
3594;4.62059204478338;6;599
3595;27.25486691847;1;600
3596;27.25486691847;2;600
3597;9.02123945959198;3;600
3598;3.02136289894316;4;600
3599;0.727248336153506;5;600
3600;1.22341250005821;6;600
3601;22.9215595868325;1;601
3602;22.9215595868325;2;601
3603;8.99975365280842;3;601
3604;0.259036621454626;4;601
3605;0.860628827500571;5;601
3606;1.28537035227239;6;601
3607;13.9551312196383;1;602
3608;13.9551312196383;2;602
3609;5.93111954128692;3;602
3610;0.857299305286634;4;602
3611;0.336831358336821;5;602
3612;0.201055913018647;6;602
3613;30.8037477549825;1;603
3614;30.8037477549825;2;603
3615;6.08503530193525;3;603
3616;6.47002576556534;4;603
3617;0.453032407076883;5;603
3618;29.0223737254046;6;603
3619;30.731225082721;1;604
3620;30.731225082721;2;604
3621;3.27736547724347;3;604
3622;7.20659382460122;4;604
3623;0.465700335433709;5;604
3624;24.982101210155;6;604
3625;16.8910033539722;1;605
3626;16.8910033539722;2;605
3627;0.576217429344171;3;605
3628;4.73287893682442;4;605
3629;0.999269267404516;5;605
3630;6.09593060235204;6;605
3631;30.6665624316762;1;606
3632;30.6665624316762;2;606
3633;3.80187153363546;3;606
3634;6.339352751546;4;606
3635;0.388758035308388;5;606
3636;8.37260874058802;6;606
3637;29.5884820462419;1;607
3638;29.5884820462419;2;607
3639;2.18844614966969;3;607
3640;1.04815632547215;4;607
3641;0.78057060576157;5;607
3642;15.5810804581008;6;607
3643;26.8045682048348;1;608
3644;26.8045682048348;2;608
3645;1.24104002488363;3;608
3646;0.90216530940547;4;608
3647;0.379940457633608;5;608
3648;11.9579495032804;6;608
3649;36.807884493805;1;609
3650;36.807884493805;2;609
3651;5.1588505453979;3;609
3652;0.683423642813069;4;609
3653;0.0358618900954094;5;609
3654;31.8884518142407;6;609
3655;19.8375612202915;1;610
3656;19.8375612202915;2;610
3657;3.81760009918509;3;610
3658;0.093189980267594;4;610
3659;0.752603165032567;5;610
3660;17.5077057343674;6;610
3661;18.6578945633089;1;611
3662;18.6578945633089;2;611
3663;2.36432784758253;3;611
3664;6.36568635698111;4;611
3665;0.230794085553158;5;611
3666;10.9333542677127;6;611
3667;38.4410483388702;1;612
3668;38.4410483388702;2;612
3669;9.14595052459019;3;612
3670;4.70169122016924;4;612
3671;0.591512299164913;5;612
3672;6.11099740650948;6;612
3673;17.3892351049535;1;613
3674;17.3892351049535;2;613
3675;7.35482684199341;3;613
3676;4.54061457228855;4;613
3677;0.0901037428781417;5;613
3678;0.18142631452038;6;613
3679;30.9659992566679;1;614
3680;30.9659992566679;2;614
3681;8.31530697624981;3;614
3682;1.56955394313635;4;614
3683;0.210307665041805;5;614
3684;23.1796081988124;6;614
3685;24.1335943520521;1;615
3686;24.1335943520521;2;615
3687;1.51023917840609;3;615
3688;7.95205962942041;4;615
3689;0.79753857349952;5;615
3690;5.52813100385396;6;615
3691;19.1461587549736;1;616
3692;19.1461587549736;2;616
3693;11.3698405378484;3;616
3694;1.36387683082811;4;616
3695;0.846942378279059;5;616
3696;18.072677072646;6;616
3697;37.5270722327546;1;617
3698;37.5270722327546;2;617
3699;6.16337731329515;3;617
3700;2.67325391154168;4;617
3701;0.907438126882441;5;617
3702;34.395129042119;6;617
3703;30.5809262851022;1;618
3704;30.5809262851022;2;618
3705;6.68162569894304;3;618
3706;5.53904471895797;4;618
3707;0.463136294423858;5;618
3708;12.4756769384711;6;618
3709;29.7972902609318;1;619
3710;29.7972902609318;2;619
3711;11.1629923762575;3;619
3712;3.32597493021687;4;619
3713;0.640830809680282;5;619
3714;11.2160948686608;6;619
3715;35.7123726859663;1;620
3716;35.7123726859663;2;620
3717;2.06625221335557;3;620
3718;0.869483212356164;4;620
3719;0.880221573912191;5;620
3720;6.38689161993636;6;620
3721;31.9819158487508;1;621
3722;31.9819158487508;2;621
3723;4.51907198381363;3;621
3724;3.32951616191785;4;621
3725;0.594338724231023;5;621
3726;24.2550175068594;6;621
3727;28.6821897366275;1;622
3728;28.6821897366275;2;622
3729;10.8844813377314;3;622
3730;5.58985531282826;4;622
3731;0.342539608091969;5;622
3732;16.6536699124217;6;622
3733;23.5944735310798;1;623
3734;23.5944735310798;2;623
3735;5.68884750411639;3;623
3736;6.0454372141238;4;623
3737;0.992266348645461;5;623
3738;19.9708004090525;6;623
3739;19.5861861223747;1;624
3740;19.5861861223747;2;624
3741;6.12902275572371;3;624
3742;5.03858852834901;4;624
3743;0.541909612868248;5;624
3744;4.85951231962353;6;624
3745;15.8100993506141;1;625
3746;15.8100993506141;2;625
3747;6.54969420125794;3;625
3748;4.63028063142079;4;625
3749;0.0968838614826592;5;625
3750;9.87655194361559;6;625
3751;14.4249277744358;1;626
3752;14.4249277744358;2;626
3753;10.9738693798639;3;626
3754;1.0074944363466;4;626
3755;0.0250474826638856;5;626
3756;5.24168377078979;6;626
3757;18.3199432066297;1;627
3758;18.3199432066297;2;627
3759;3.35006157199678;3;627
3760;1.52470540191486;4;627
3761;0.380915667587407;5;627
3762;17.2508324462331;6;627
3763;14.1556673402995;1;628
3764;14.1556673402995;2;628
3765;1.37989787782433;3;628
3766;0.385239999303977;4;628
3767;0.690474741970254;5;628
3768;1.58151236694101;6;628
3769;19.6070085750947;1;629
3770;19.6070085750947;2;629
3771;4.3260187914306;3;629
3772;4.14986772314978;4;629
3773;0.560506990959195;5;629
3774;2.49293855487105;6;629
3775;18.9420001857485;1;630
3776;18.9420001857485;2;630
3777;2.5326073748551;3;630
3778;5.39873352399589;4;630
3779;0.515714538585563;5;630
3780;13.8738306332128;6;630
3781;36.3551737317829;1;631
3782;36.3551737317829;2;631
3783;0.841335551877054;3;631
3784;0.431733634829841;4;631
3785;0.150794568314087;5;631
3786;22.9338196625284;6;631
3787;30.572245693971;1;632
3788;30.572245693971;2;632
3789;0.381275899625087;3;632
3790;1.24750649105027;4;632
3791;0.653838192425459;5;632
3792;22.9802197135795;6;632
3793;27.4312332613844;1;633
3794;27.4312332613844;2;633
3795;10.6995191474194;3;633
3796;6.16367866573257;4;633
3797;0.480425899080664;5;633
3798;26.5241094400004;6;633
3799;28.0938896222852;1;634
3800;28.0938896222852;2;634
3801;5.98202282700264;3;634
3802;7.8089536917269;4;634
3803;0.380499476160902;5;634
3804;27.5964163540087;6;634
3805;13.1615888401675;1;635
3806;13.1615888401675;2;635
3807;1.76501347807123;3;635
3808;7.28417249205114;4;635
3809;0.0608983422156545;5;635
3810;10.3845199561043;6;635
3811;27.4025169987128;1;636
3812;27.4025169987128;2;636
3813;2.19382407730012;3;636
3814;7.00385194041975;4;636
3815;0.41245387365021;5;636
3816;1.11409603340484;6;636
3817;27.3114067309008;1;637
3818;27.3114067309008;2;637
3819;11.0349018393219;3;637
3820;7.82881974480131;4;637
3821;0.970643286863641;5;637
3822;0.502877800909064;6;637
3823;16.8247370925842;1;638
3824;16.8247370925842;2;638
3825;2.50765524546959;3;638
3826;2.1998992397134;4;638
3827;0.833021614913006;5;638
3828;16.8052614408092;6;638
3829;24.2649074157694;1;639
3830;24.2649074157694;2;639
3831;5.02343934400171;3;639
3832;2.01044396370562;4;639
3833;0.780752492999261;5;639
3834;15.0422575138102;6;639
3835;27.2225119122461;1;640
3836;27.2225119122461;2;640
3837;9.85357952027657;3;640
3838;6.81401074676502;4;640
3839;0.376890801809695;5;640
3840;6.52495815517048;6;640
3841;29.7336968948239;1;641
3842;29.7336968948239;2;641
3843;3.90731124701638;3;641
3844;2.28798557424547;4;641
3845;0.166362873956677;5;641
3846;26.8540630519411;6;641
3847;10.283717576124;1;642
3848;10.283717576124;2;642
3849;6.72477340292222;3;642
3850;6.63967173356853;4;642
3851;0.876528149422858;5;642
3852;4.82740555944698;6;642
3853;25.0653055338236;1;643
3854;25.0653055338236;2;643
3855;5.65256615201792;3;643
3856;6.86747988819067;4;643
3857;0.625224518412407;5;643
3858;24.3943539591926;6;643
3859;28.6094351505805;1;644
3860;28.6094351505805;2;644
3861;9.52931622048952;3;644
3862;6.80362665417798;4;644
3863;0.869384909546216;5;644
3864;8.56443131199518;6;644
3865;24.9361983879337;1;645
3866;24.9361983879337;2;645
3867;3.92917878528788;3;645
3868;3.96589007674256;4;645
3869;0.360813983427135;5;645
3870;11.7085817507582;6;645
3871;25.4848679997943;1;646
3872;25.4848679997943;2;646
3873;11.5533885373829;3;646
3874;6.91893181596977;4;646
3875;0.0435309832162811;5;646
3876;24.757216743045;6;646
3877;31.1168356292781;1;647
3878;31.1168356292781;2;647
3879;6.10189088786847;3;647
3880;2.89301349926492;4;647
3881;0.0318112167944997;5;647
3882;15.7074035279778;6;647
3883;20.6950194606048;1;648
3884;20.6950194606048;2;648
3885;4.40500386538221;3;648
3886;2.28678746733656;4;648
3887;0.832924444464818;5;648
3888;4.39046064785702;6;648
3889;26.9239086012891;1;649
3890;26.9239086012891;2;649
3891;10.8947433554568;3;649
3892;7.95302494007821;4;649
3893;0.619763530865315;5;649
3894;11.8455223402219;6;649
3895;18.1784545406519;1;650
3896;18.1784545406519;2;650
3897;0.41261647571354;3;650
3898;7.71642363815438;4;650
3899;0.105583636790015;5;650
3900;13.7018503338001;6;650
3901;14.1801148488553;1;651
3902;14.1801148488553;2;651
3903;6.74346662683059;3;651
3904;7.78960045368642;4;651
3905;0.0738176372033492;5;651
3906;0.00783846788431983;6;651
3907;10.3166823554732;1;652
3908;10.3166823554732;2;652
3909;3.57003115415259;3;652
3910;3.6859132361091;4;652
3911;0.611382783001566;5;652
3912;4.98599008965644;6;652
3913;25.2713403201698;1;653
3914;25.2713403201698;2;653
3915;9.85746019194197;3;653
3916;4.3336421212948;4;653
3917;0.0407077461206257;5;653
3918;14.4507088709031;6;653
3919;17.5768810831962;1;654
3920;17.5768810831962;2;654
3921;1.43484465845708;3;654
3922;5.58946368161158;4;654
3923;0.640299903831306;5;654
3924;9.49863136741709;6;654
3925;31.0520105437094;1;655
3926;31.0520105437094;2;655
3927;2.87225520697833;3;655
3928;7.69873569517224;4;655
3929;0.686371756966062;5;655
3930;16.9125055345976;6;655
3931;15.7938174835455;1;656
3932;15.7938174835455;2;656
3933;3.37361900015709;3;656
3934;1.33601085619979;4;656
3935;0.579330045548217;5;656
3936;0.723228830786752;6;656
3937;17.7142010849297;1;657
3938;17.7142010849297;2;657
3939;6.28140065012822;3;657
3940;4.4364146179858;4;657
3941;0.443917552890311;5;657
3942;4.34272323139727;6;657
3943;32.3132855086502;1;658
3944;32.3132855086502;2;658
3945;4.71693478173821;3;658
3946;5.14946151214399;4;658
3947;0.702366106081614;5;658
3948;8.60998782223717;6;658
3949;17.7029987674803;1;659
3950;17.7029987674803;2;659
3951;10.3157124297834;3;659
3952;3.17368177076911;4;659
3953;0.381870637189047;5;659
3954;12.9016237730293;6;659
3955;30.3275235749424;1;660
3956;30.3275235749424;2;660
3957;9.60537524889543;3;660
3958;4.2946298974652;4;660
3959;0.995640527777006;5;660
3960;24.5734444909249;6;660
3961;10.9479548868994;1;661
3962;10.9479548868994;2;661
3963;2.22904238955859;3;661
3964;4.23275358756728;4;661
3965;0.567733392257437;5;661
3966;9.61621410017451;6;661
3967;11.2734878034346;1;662
3968;11.2734878034346;2;662
3969;7.91702194222239;3;662
3970;2.36312283451697;4;662
3971;0.362416048625463;5;662
3972;8.41921591914425;6;662
3973;22.732282141937;1;663
3974;22.732282141937;2;663
3975;1.3811659074247;3;663
3976;3.79851026532259;4;663
3977;0.529551759948447;5;663
3978;3.21432264643466;6;663
3979;22.2614712078594;1;664
3980;22.2614712078594;2;664
3981;11.8523766411012;3;664
3982;4.47218576665316;4;664
3983;0.247185058798361;5;664
3984;14.695805528289;6;664
3985;16.3681738407148;1;665
3986;16.3681738407148;2;665
3987;5.92826343570796;3;665
3988;0.201991629289673;4;665
3989;0.821592501965902;5;665
3990;2.31676671736135;6;665
3991;39.9297291712964;1;666
3992;39.9297291712964;2;666
3993;9.63499683578089;3;666
3994;4.35686518931718;4;666
3995;0.904013753826442;5;666
3996;0.350654725489711;6;666
3997;35.7329617070028;1;667
3998;35.7329617070028;2;667
3999;1.49349070110904;3;667
4000;3.05092092107208;4;667
4001;0.152435051637468;5;667
4002;25.6361671048195;6;667
4003;31.5782668674751;1;668
4004;31.5782668674751;2;668
4005;8.17866557525799;3;668
4006;4.70554885120388;4;668
4007;0.820196220787519;5;668
4008;4.62803030292945;6;668
4009;25.7285632229004;1;669
4010;25.7285632229004;2;669
4011;1.15648864882977;3;669
4012;1.68523536535789;4;669
4013;0.767069090108634;5;669
4014;16.1143138684627;6;669
4015;13.0046133036373;1;670
4016;13.0046133036373;2;670
4017;0.449680637754494;3;670
4018;1.37742950410401;4;670
4019;0.471574762240143;5;670
4020;3.13490708968362;6;670
4021;39.9249151396657;1;671
4022;39.9249151396657;2;671
4023;5.28478535653601;3;671
4024;3.85784087844398;4;671
4025;0.957621783653464;5;671
4026;13.6312996309872;6;671
4027;14.6750522741687;1;672
4028;14.6750522741687;2;672
4029;8.47697385707435;3;672
4030;3.39111167999522;4;672
4031;0.970889099404322;5;672
4032;10.4790327729949;6;672
4033;33.05961280539;1;673
4034;33.05961280539;2;673
4035;1.86491601261791;3;673
4036;3.65404101598731;4;673
4037;0.7039558469674;5;673
4038;11.7878459993879;6;673
4039;26.1168146620466;1;674
4040;26.1168146620466;2;674
4041;3.62718958528403;3;674
4042;1.40279311716356;4;674
4043;0.952635957356254;5;674
4044;19.9770035555259;6;674
4045;39.5278880816771;1;675
4046;39.5278880816771;2;675
4047;1.78022555826519;3;675
4048;4.18480181818977;4;675
4049;0.0340445863658227;5;675
4050;30.9815135057192;6;675
4051;37.4121785940957;1;676
4052;37.4121785940957;2;676
4053;10.5780771000868;3;676
4054;4.58799487823285;4;676
4055;0.664093689083454;5;676
4056;8.28849480132696;6;676
4057;33.5282090218079;1;677
4058;33.5282090218079;2;677
4059;6.17867424839729;3;677
4060;0.00228383850800551;4;677
4061;0.607512057286906;5;677
4062;23.5863099070746;6;677
4063;39.5019245478214;1;678
4064;39.5019245478214;2;678
4065;9.04390856288141;3;678
4066;3.59372364252728;4;678
4067;0.484978110838501;5;678
4068;26.6923555689433;6;678
4069;14.3587172026965;1;679
4070;14.3587172026965;2;679
4071;6.05653393881122;3;679
4072;5.95644856262029;4;679
4073;0.047785365354804;5;679
4074;11.045458310725;6;679
4075;37.8622734606803;1;680
4076;37.8622734606803;2;680
4077;0.584072812784279;3;680
4078;2.69501770441616;4;680
4079;0.927522816998052;5;680
4080;4.21422665550607;6;680
4081;28.3671564821012;1;681
4082;28.3671564821012;2;681
4083;3.70883648324071;3;681
4084;4.86698243868065;4;681
4085;0.356534708195086;5;681
4086;11.9789593851396;6;681
4087;37.8943023925473;1;682
4088;37.8943023925473;2;682
4089;9.70930442837695;3;682
4090;4.01612243869663;4;682
4091;0.199780753892467;5;682
4092;13.8413717257944;6;682
4093;19.9733635223739;1;683
4094;19.9733635223739;2;683
4095;10.1490259921669;3;683
4096;0.643230880497132;4;683
4097;0.00238427723599666;5;683
4098;11.5603426988228;6;683
4099;13.3051592135966;1;684
4100;13.3051592135966;2;684
4101;1.45188922878973;3;684
4102;7.6835727645227;4;684
4103;0.801009651890342;5;684
4104;3.87859183771575;6;684
4105;38.6064074459699;1;685
4106;38.6064074459699;2;685
4107;11.3421442816804;3;685
4108;5.49766562612129;4;685
4109;0.0198173081766407;5;685
4110;23.8676401936494;6;685
4111;38.8818811863794;1;686
4112;38.8818811863794;2;686
4113;7.02471506815585;3;686
4114;1.68982796853735;4;686
4115;0.189043377689956;5;686
4116;7.95795104826458;6;686
4117;37.9500197533839;1;687
4118;37.9500197533839;2;687
4119;8.17703300844025;3;687
4120;0.510837015669732;4;687
4121;0.743399253100975;5;687
4122;36.4697186757213;6;687
4123;30.0225379294414;1;688
4124;30.0225379294414;2;688
4125;10.4591003241363;3;688
4126;2.46493402080374;4;688
4127;0.108536589566743;5;688
4128;29.2172391393746;6;688
4129;38.7998172128259;1;689
4130;38.7998172128259;2;689
4131;6.41578579675139;3;689
4132;2.30762385156817;4;689
4133;0.458059769232316;5;689
4134;19.9704101054428;6;689
4135;10.2916246282547;1;690
4136;10.2916246282547;2;690
4137;0.695195288765978;3;690
4138;2.78202540811269;4;690
4139;0.890541291645716;5;690
4140;8.983595467763;6;690
4141;23.6425666701163;1;691
4142;23.6425666701163;2;691
4143;4.65593324674636;3;691
4144;0.563075490848077;4;691
4145;0.198351714968671;5;691
4146;13.3362626598008;6;691
4147;22.9996417206134;1;692
4148;22.9996417206134;2;692
4149;9.24975908509516;3;692
4150;1.9585328639679;4;692
4151;0.713854475739242;5;692
4152;4.7671001179496;6;692
4153;28.7446527125931;1;693
4154;28.7446527125931;2;693
4155;1.92900058836276;3;693
4156;4.60425872794248;4;693
4157;0.597120137399524;5;693
4158;6.50452893142762;6;693
4159;36.8542209080236;1;694
4160;36.8542209080236;2;694
4161;9.28086904655459;3;694
4162;5.67568329737339;4;694
4163;0.559803761937311;5;694
4164;2.87624913173227;6;694
4165;28.0877122160684;1;695
4166;28.0877122160684;2;695
4167;6.13555610430225;3;695
4168;7.13939489565967;4;695
4169;0.776600131278388;5;695
4170;4.57577785670463;6;695
4171;28.0786889420424;1;696
4172;28.0786889420424;2;696
4173;9.87305406483165;3;696
4174;6.49680531110568;4;696
4175;0.688338942844398;5;696
4176;12.0335305878173;6;696
4177;17.5405690977732;1;697
4178;17.5405690977732;2;697
4179;1.87175437280375;3;697
4180;5.41546917298235;4;697
4181;0.720672211428107;5;697
4182;0.274014769395903;6;697
4183;15.1886057490833;1;698
4184;15.1886057490833;2;698
4185;11.2582530979101;3;698
4186;6.69416237659978;4;698
4187;0.600617505020717;5;698
4188;5.79956794495063;6;698
